split,zero_output,linear_in_input,constant_output
14,109,56,0
90,201,258,63
15,15,28,0
20,86,73,0
71,223,269,49
11,17,30,0
13,134,32,0
54,218,201,139
10,15,33,0
21,59,99,0
90,240,272,10
23,12,23,0
24,93,62,0
115,204,263,30
20,9,29,0
13,126,40,0
59,219,214,120
14,14,30,0
21,90,68,0
80,223,267,42
21,11,26,0
17,104,58,0
76,212,236,88
25,10,23,0
22,77,80,0
76,235,281,20
12,12,34,0
19,74,86,0
82,230,262,38
21,12,25,0
21,67,91,0
114,231,262,5
19,13,26,0
29,66,84,0
123,209,251,29
25,9,24,0
20,91,68,0
71,228,260,53
26,6,26,0
24,70,85,0
99,230,276,7
21,14,23,0
4,129,46,0
43,236,177,156
14,14,30,0
18,86,75,0
99,217,282,14
22,14,22,0
25,83,71,0
86,222,274,30
23,9,26,0
17,102,60,0
74,222,257,59
14,16,28,0
21,68,90,0
89,223,271,29
25,13,20,0
20,106,53,0
74,212,272,54
23,5,30,0
26,82,71,0
80,223,267,42
21,11,26,0
17,94,68,0
67,228,246,71
21,8,29,0
17,88,74,0
105,210,256,41
22,11,25,0
18,94,67,0
85,221,264,42
19,5,34,0
29,102,48,0
100,191,267,54
24,7,27,0
22,35,122,0
97,256,253,6
16,17,25,0
13,121,45,0
74,206,260,72
21,14,23,0
20,92,67,0
78,228,270,36
24,5,29,0
29,52,98,0
87,236,276,13
26,11,21,0
9,132,38,0
65,218,187,142
14,15,29,0
16,91,72,0
73,234,255,50
22,11,25,0
9,136,34,0
62,207,186,157
15,12,31,0
18,84,77,0
71,230,274,37
23,9,26,0
26,85,68,0
71,235,277,29
15,17,26,0
24,87,68,0
84,237,253,38
21,15,22,0
24,70,85,0
98,231,275,8
19,15,24,0
16,100,63,0
80,218,275,39
17,14,27,0
14,125,40,0
62,225,185,140
15,14,29,0
23,95,61,0
82,225,256,49
17,13,28,0
12,117,50,0
53,237,203,119
20,11,27,0
9,145,25,0
58,206,178,170
19,9,30,0
16,108,55,0
82,214,265,51
19,12,27,0
13,96,70,0
77,225,259,51
12,15,31,0
16,113,50,0
75,211,244,82
18,11,29,0
22,103,54,0
64,232,244,72
23,8,27,0
25,86,68,0
120,205,263,24
21,7,30,0
16,111,52,0
71,220,213,108
17,14,27,0
22,102,55,0
100,195,264,53
27,2,29,0
21,63,95,0
82,237,258,35
17,12,29,0
19,91,69,0
84,224,273,31
17,16,25,0
20,98,61,0
72,226,250,64
18,9,31,0
17,60,102,0
80,230,287,15
20,15,23,0
25,82,72,0
77,227,287,21
23,7,28,0
30,87,62,0
121,200,274,17
25,10,23,0
16,75,88,0
90,222,274,26
22,12,24,0
16,79,84,0
74,235,257,46
26,9,23,0
22,76,81,0
99,226,256,31
20,14,24,0
11,135,33,0
57,215,195,145
10,15,33,0
17,84,78,0
79,219,271,43
25,9,24,0
22,114,43,0
78,200,255,79
24,10,24,0
7,111,61,0
48,226,255,83
12,23,23,0
16,72,91,0
84,231,248,49
21,10,27,0
19,111,49,0
95,196,239,82
24,4,30,0
20,94,65,0
82,229,243,58
20,8,30,0
20,76,83,0
91,218,273,30
26,9,23,0
15,118,46,0
71,196,222,123
18,8,32,0
21,81,77,0
115,202,259,36
31,7,20,0
23,92,64,0
100,212,276,24
18,12,28,0
14,69,96,0
71,240,263,38
19,13,26,0
17,80,82,0
93,228,270,21
20,15,23,0
18,102,59,0
73,213,272,54
18,13,27,0
14,50,115,0
103,238,267,4
15,20,23,0
28,74,77,0
74,246,280,12
19,16,23,0
12,91,76,0
71,237,246,58
16,18,24,0
13,122,44,0
73,225,202,112
13,14,31,0
15,98,66,0
71,226,255,60
28,11,19,0
28,93,58,0
87,223,248,54
15,12,31,0
16,104,59,0
94,206,262,50
24,11,23,0
19,101,59,0
79,221,241,71
22,9,27,0
18,71,90,0
78,233,273,28
16,18,24,0
15,108,56,0
69,217,263,63
17,12,29,0
19,84,76,0
70,237,264,41
24,5,29,0
19,73,87,0
70,239,276,27
18,14,26,0
17,109,53,0
79,209,274,50
19,14,25,0
32,60,87,0
125,208,254,25
29,9,20,0
20,64,95,0
72,232,275,33
15,14,29,0
20,91,68,0
78,215,270,49
19,17,22,0
16,83,80,0
90,227,256,39
20,14,24,0
20,82,77,0
93,219,255,45
18,13,27,0
12,119,48,0
61,226,217,108
13,15,30,0
25,76,78,0
91,226,271,24
20,16,22,0
18,96,65,0
77,223,239,73
24,8,26,0
27,100,52,0
102,206,223,81
23,8,27,0
11,73,95,0
74,239,267,32
21,12,25,0
8,109,62,0
51,233,227,101
12,20,26,0
24,50,105,0
96,228,272,16
23,10,25,0
15,127,37,0
70,202,202,138
18,10,30,0
23,77,79,0
74,231,273,34
25,12,21,0
26,86,67,0
96,220,270,26
21,8,29,0
21,74,84,0
86,221,273,32
23,14,21,0
23,89,67,0
122,199,245,46
26,8,24,0
32,68,79,0
112,226,270,4
20,14,24,0
24,75,80,0
86,235,279,12
18,14,26,0
24,90,65,0
77,229,261,45
16,13,29,0
19,94,66,0
74,220,248,70
23,10,25,0
18,97,64,0
95,209,265,43
22,10,26,0
33,55,91,0
122,211,271,8
24,8,26,0
15,124,40,0
62,216,215,119
15,13,30,0
18,95,66,0
81,214,261,56
19,8,31,0
12,103,64,0
87,225,252,48
24,8,26,0
26,70,83,0
105,220,256,31
19,12,27,0
20,108,51,0
77,212,239,84
17,16,25,0
12,108,59,0
76,222,225,89
15,10,33,0
17,96,66,0
77,220,269,46
25,8,25,0
17,108,54,0
71,218,241,82
28,7,23,0
21,104,54,0
68,226,253,65
20,5,33,0
13,117,49,0
67,208,254,83
24,5,29,0
14,93,72,0
65,228,281,38
18,14,26,0
24,101,54,0
90,221,237,64
25,4,29,0
26,73,80,0
88,232,265,27
18,12,28,0
25,51,103,0
91,235,275,11
14,16,28,0
27,92,60,0
87,226,257,42
23,8,27,0
14,124,41,0
60,208,234,110
21,11,26,0
28,80,71,0
107,213,245,47
28,4,26,0
13,100,66,0
64,230,259,59
15,12,31,0
21,101,57,0
70,222,250,70
24,5,29,0
24,75,80,0
94,229,276,13
17,18,23,0
29,77,73,0
86,227,281,18
17,12,29,0
15,57,107,0
85,233,278,16
20,15,23,0
23,87,69,0
77,230,286,19
20,8,30,0
18,70,91,0
70,239,275,28
23,8,27,0
23,58,98,0
77,245,274,16
15,11,32,0
13,67,99,0
66,246,287,13
20,14,24,0
13,81,85,0
64,239,281,28
26,13,19,0
26,71,82,0
72,235,264,41
23,10,25,0
9,122,48,0
44,242,203,123
16,13,29,0
20,80,79,0
80,241,272,19
23,8,27,0
17,112,50,0
53,236,218,105
16,13,29,0
22,75,82,0
90,229,247,46
21,10,27,0
24,79,76,0
92,215,273,32
23,8,27,0
22,105,52,0
96,204,243,69
21,6,31,0
11,120,48,0
71,200,263,78
17,15,26,0
21,88,70,0
91,223,274,24
26,11,21,0
12,131,36,0
51,216,202,143
15,13,30,0
19,92,68,0
82,220,268,42
27,9,22,0
9,135,35,0
59,214,198,141
15,14,29,0
29,61,89,0
92,232,268,20
23,8,27,0
22,51,106,0
82,243,271,16
16,10,32,0
26,79,74,0
92,230,269,21
23,8,27,0
24,98,57,0
98,199,251,64
31,5,22,0
26,83,70,0
80,226,269,37
23,6,29,0
24,68,87,0
101,222,268,21
26,13,19,0
22,96,61,0
87,212,268,45
26,5,27,0
21,93,65,0
96,221,269,26
25,10,23,0
12,133,34,0
47,215,172,178
14,12,32,0
22,73,84,0
77,237,281,17
22,6,30,0
19,103,57,0
80,232,221,79
10,14,34,0
17,90,72,0
86,235,259,32
20,11,27,0
21,94,64,0
65,230,292,25
14,19,25,0
17,109,53,0
88,210,233,81
21,7,30,0
21,90,68,0
71,227,265,49
14,17,27,0
19,78,82,0
111,216,246,39
22,8,28,0
17,65,97,0
80,246,277,9
21,11,26,0
15,86,78,0
58,233,285,36
18,13,27,0
27,89,63,0
87,214,260,51
22,12,24,0
23,63,93,0
85,239,277,11
21,15,22,0
36,76,67,0
112,208,270,22
32,6,20,0
22,98,59,0
87,213,252,60
20,12,26,0
17,121,41,0
60,228,208,116
12,16,30,0
19,98,62,0
90,209,258,55
23,6,29,0
20,105,54,0
87,211,260,54
25,7,26,0
18,80,81,0
76,236,260,40
14,22,22,0
23,67,89,0
98,228,281,5
10,20,28,0
27,76,76,0
126,201,270,15
21,14,23,0
22,84,73,0
92,223,267,30
28,8,22,0
14,132,33,0
77,192,214,129
21,8,29,0
13,139,27,0
65,197,194,156
19,11,28,0
17,81,81,0
83,230,250,49
28,8,22,0
13,128,38,0
40,231,204,137
16,11,31,0
27,62,90,0
76,246,272,18
18,17,23,0
7,134,38,0
48,221,167,176
17,10,31,0
25,66,88,0
82,223,261,46
26,10,22,0
18,106,55,0
67,229,260,56
18,8,32,0
15,70,94,0
68,268,270,6
14,21,23,0
23,77,79,0
109,216,264,23
22,6,30,0
25,86,68,0
84,223,268,37
27,5,26,0
14,64,101,0
77,242,279,14
16,18,24,0
24,71,84,0
83,235,262,32
19,12,27,0
25,60,94,0
88,252,267,5
16,18,24,0
12,136,31,0
66,197,199,150
12,12,34,0
14,109,56,0
60,237,223,92
11,17,30,0
11,128,40,0
56,206,206,144
13,13,32,0
24,73,82,0
93,245,247,27
19,12,27,0
18,94,67,0
94,204,256,58
21,11,26,0
27,64,88,0
115,226,261,10
24,10,24,0
19,123,37,0
83,191,226,112
22,8,28,0
10,119,50,0
52,236,210,114
16,15,27,0
13,92,74,0
58,242,264,48
12,12,34,0
21,101,57,0
71,217,251,73
22,8,28,0
21,61,97,0
69,250,266,27
21,12,25,0
11,34,134,0
84,249,268,11
18,16,24,0
19,73,87,0
82,236,258,36
20,14,24,0
13,128,38,0
48,224,213,127
11,15,32,0
8,140,31,0
61,203,171,177
14,12,32,0
13,133,33,0
55,216,214,127
10,15,33,0
21,107,51,0
91,210,248,63
18,10,30,0
18,85,76,0
69,236,260,47
18,9,31,0
29,73,77,0
101,211,265,35
22,15,21,0
17,90,72,0
89,221,258,44
24,10,24,0
20,86,73,0
58,227,264,63
10,18,30,0
16,103,60,0
78,216,282,36
20,13,25,0
22,97,60,0
103,207,257,45
24,8,26,0
18,86,75,0
71,225,250,66
15,17,26,0
23,107,49,0
55,224,250,83
18,9,31,0
14,85,80,0
65,238,262,47
23,9,26,0
23,70,86,0
92,247,256,17
20,11,27,0
17,91,71,0
79,231,264,38
12,18,28,0
17,88,74,0
78,230,256,48
12,14,32,0
21,101,57,0
84,206,262,60
26,11,21,0
26,80,73,0
79,236,276,21
27,9,22,0
21,89,69,0
75,229,282,26
17,16,25,0
22,65,92,0
90,231,277,14
28,10,20,0
16,37,126,0
89,242,273,8
22,12,24,0
17,98,64,0
74,225,259,54
17,16,25,0
16,139,24,0
70,202,191,149
15,12,31,0
23,77,79,0
100,216,279,17
15,17,26,0
28,56,95,0
103,218,267,24
25,14,19,0
20,114,45,0
91,201,240,80
25,5,28,0
11,132,36,0
52,226,188,146
11,14,33,0
16,124,39,0
78,201,252,81
16,14,28,0
25,92,62,0
83,223,256,50
20,10,28,0
25,98,56,0
96,210,246,60
19,9,30,0
26,69,84,0
81,239,254,38
21,9,28,0
26,66,87,0
108,216,264,24
16,16,26,0
16,116,47,0
64,222,236,90
16,13,29,0
25,97,57,0
79,212,275,46
26,7,25,0
9,104,66,0
65,227,259,61
15,16,27,0
18,99,62,0
75,213,259,65
22,10,26,0
24,83,72,0
88,216,275,33
19,9,30,0
13,131,35,0
54,212,170,176
15,12,31,0
24,80,75,0
79,231,255,47
25,9,24,0
31,59,89,0
102,227,273,10
22,10,26,0
20,63,96,0
72,243,264,33
18,14,26,0
17,104,58,0
81,203,269,59
23,10,25,0
13,113,53,0
74,217,233,88
27,9,22,0
25,93,61,0
108,195,266,43
30,9,19,0
21,62,96,0
79,242,286,5
15,20,23,0
30,88,61,0
85,221,249,57
15,15,28,0
16,70,93,0
88,229,277,18
21,12,25,0
13,109,57,0
70,225,251,66
19,13,26,0
21,68,90,0
77,238,261,36
18,11,29,0
11,135,33,0
65,204,205,138
15,11,32,0
16,88,75,0
70,220,273,49
21,12,25,0
22,94,63,0
101,215,267,29
20,9,29,0
22,114,43,0
72,215,257,68
13,17,28,0
19,112,48,0
60,221,215,116
18,13,27,0
22,83,74,0
75,238,259,40
20,15,23,0
24,86,69,0
89,216,242,65
19,10,29,0
23,70,86,0
80,225,284,23
15,13,30,0
23,69,87,0
114,217,259,22
25,11,22,0
28,67,84,0
129,204,251,28
29,7,22,0
20,104,55,0
87,222,240,63
24,8,26,0
10,116,53,0
66,202,267,77
23,12,23,0
15,112,52,0
66,218,259,69
14,16,28,0
20,104,55,0
67,225,217,103
22,8,28,0
16,115,48,0
65,224,209,114
17,12,29,0
24,52,103,0
86,239,272,15
27,7,24,0
18,115,46,0
50,227,214,121
17,13,28,0
34,48,97,0
124,213,270,5
23,10,25,0
17,90,72,0
87,224,272,29
24,14,20,0
16,80,83,0
76,232,270,34
23,15,20,0
24,61,94,0
97,233,267,15
25,9,24,0
13,134,32,0
45,214,179,174
13,13,32,0
19,79,81,0
97,216,262,37
20,10,28,0
24,72,83,0
87,228,268,29
20,14,24,0
25,83,71,0
72,229,286,25
17,13,28,0
11,126,42,0
52,224,207,129
14,13,31,0
12,68,99,0
89,234,254,35
21,12,25,0
17,77,85,0
63,257,275,17
17,14,27,0
3,143,33,0
39,218,176,179
14,12,32,0
18,85,76,0
85,224,271,32
19,15,24,0
15,84,80,0
100,220,252,40
24,9,25,0
19,101,59,0
70,229,245,68
23,11,24,0
20,115,44,0
92,197,255,68
20,9,29,0
24,91,64,0
79,231,261,41
18,12,28,0
16,93,70,0
88,213,259,52
17,12,29,0
20,97,62,0
78,216,254,64
20,6,32,0
16,96,67,0
54,216,280,62
14,14,30,0
11,126,42,0
52,234,216,110
11,15,32,0
25,93,61,0
101,208,246,57
22,11,25,0
22,70,87,0
94,219,272,27
25,10,23,0
21,74,84,0
104,218,271,19
15,16,27,0
12,89,78,0
74,235,265,38
19,13,26,0
20,79,80,0
61,239,279,33
18,13,27,0
32,68,79,0
93,231,278,10
24,12,22,0
22,93,64,0
88,221,249,54
18,10,30,0
20,54,105,0
95,251,263,3
18,14,26,0
24,77,78,0
104,223,277,8
20,14,24,0
22,70,87,0
97,223,256,36
9,16,33,0
19,80,80,0
95,217,266,34
20,12,26,0
20,105,54,0
84,212,247,69
18,12,28,0
19,75,85,0
75,234,275,28
27,11,20,0
6,132,41,0
55,221,206,130
14,14,30,0
16,102,61,0
96,192,272,52
34,4,20,0
22,88,69,0
96,223,248,45
21,9,28,0
19,74,86,0
104,224,279,5
14,20,24,0
22,96,61,0
82,222,248,60
16,13,29,0
21,101,57,0
86,216,259,51
29,6,23,0
25,76,78,0
79,238,265,30
15,14,29,0
17,106,56,0
74,229,252,57
17,10,31,0
17,100,62,0
88,217,239,68
22,9,27,0
19,25,135,0
79,258,274,1
16,19,23,0
28,61,90,0
92,239,268,13
21,11,26,0
21,82,76,0
102,222,256,32
22,11,25,0
6,131,42,0
43,232,160,177
11,14,33,0
17,71,91,0
98,226,268,20
26,10,22,0
12,104,63,0
74,220,237,81
17,10,31,0
15,102,62,0
55,222,266,69
12,18,28,0
21,64,94,0
96,227,281,8
22,7,29,0
26,64,89,0
93,231,282,6
19,14,25,0
17,115,47,0
73,218,224,97
20,14,24,0
20,100,59,0
82,219,247,64
20,17,21,0
14,95,70,0
81,221,261,49
25,8,25,0
20,97,62,0
78,224,263,47
22,9,27,0
29,88,62,0
101,224,263,24
22,13,23,0
19,102,58,0
86,212,242,72
20,11,27,0
17,104,58,0
58,236,238,80
21,11,26,0
13,68,98,0
85,257,260,10
17,13,28,0
16,92,71,0
90,216,256,50
26,12,20,0
11,124,44,0
45,228,205,134
19,11,28,0
14,128,37,0
44,224,167,177
16,12,30,0
22,94,63,0
82,224,273,33
21,13,24,0
6,134,39,0
42,228,191,151
17,12,29,0
25,85,69,0
87,227,278,20
20,12,26,0
21,91,67,0
99,220,276,17
18,12,28,0
23,94,62,0
84,228,252,48
21,12,25,0
23,77,79,0
106,221,245,40
17,13,28,0
12,109,58,0
88,208,267,49
9,18,31,0
30,51,98,0
113,221,273,5
26,11,21,0
23,83,73,0
97,213,274,28
19,9,30,0
21,97,61,0
83,225,247,57
14,15,29,0
15,110,54,0
108,189,265,50
24,6,28,0
12,127,40,0
60,225,207,120
13,13,32,0
29,64,86,0
83,241,277,11
17,15,26,0
35,72,72,0
98,227,252,35
26,9,23,0
7,124,48,0
39,234,198,141
11,17,30,0
20,79,80,0
78,233,250,51
25,9,24,0
21,57,101,0
84,235,284,9
18,11,29,0
10,129,40,0
55,222,193,142
15,11,32,0
24,97,58,0
76,216,280,40
18,13,27,0
14,116,49,0
74,215,205,118
13,14,31,0
20,67,92,0
91,233,264,24
19,13,26,0
24,58,97,0
93,234,282,3
18,20,20,0
17,42,120,0
92,234,265,21
18,11,29,0
16,128,35,0
62,219,210,121
13,14,31,0
21,75,83,0
97,221,259,35
28,8,22,0
19,68,92,0
86,241,274,11
18,12,28,0
10,141,28,0
58,206,169,179
17,8,33,0
14,119,46,0
48,220,255,89
24,10,24,0
27,68,84,0
96,221,258,37
24,7,27,0
21,104,54,0
66,209,256,81
18,14,26,0
21,78,80,0
76,229,255,52
15,15,28,0
17,96,66,0
84,232,259,37
20,16,22,0
16,111,52,0
79,213,234,86
17,13,28,0
20,72,87,0
103,216,284,9
26,8,24,0
31,83,65,0
89,238,264,21
20,11,27,0
17,81,81,0
110,210,225,67
32,6,20,0
17,84,78,0
105,206,281,20
22,13,23,0
17,100,62,0
91,211,235,75
26,5,27,0
23,90,66,0
101,215,266,30
18,12,28,0
7,121,51,0
46,220,249,97
16,17,25,0
16,95,68,0
65,228,254,65
22,14,22,0
21,79,79,0
131,203,269,9
26,13,19,0
23,62,94,0
94,226,266,26
19,14,25,0
24,75,80,0
112,214,249,37
29,6,23,0
24,78,77,0
98,227,270,17
15,8,35,0
18,109,52,0
71,205,248,88
23,6,29,0
8,137,34,0
44,216,199,153
17,11,30,0
17,128,34,0
44,224,211,133
16,12,30,0
19,94,66,0
82,216,287,27
23,9,26,0
25,86,68,0
77,237,289,9
13,19,26,0
19,104,56,0
94,191,253,74
22,11,25,0
11,78,90,0
70,237,265,40
15,13,30,0
11,126,42,0
71,205,239,97
15,14,29,0
20,70,89,0
106,226,247,33
21,9,28,0
14,134,31,0
55,211,208,138
18,9,31,0
25,90,64,0
87,230,247,48
21,7,30,0
17,112,50,0
85,200,240,87
24,13,21,0
15,127,37,0
66,213,214,119
13,14,31,0
14,98,67,0
68,232,238,74
17,12,29,0
22,51,106,0
74,244,267,27
18,13,27,0
19,63,97,0
81,231,281,19
21,8,29,0
22,98,59,0
70,224,245,73
20,10,28,0
14,129,36,0
50,215,198,149
20,10,28,0
31,92,56,0
114,205,239,54
27,6,25,0
24,65,90,0
83,232,285,12
29,9,20,0
18,83,78,0
79,232,260,41
18,12,28,0
29,86,64,0
92,222,275,23
24,11,23,0
21,99,59,0
94,209,265,44
19,12,27,0
13,97,69,0
59,233,278,42
14,11,33,0
15,67,97,0
90,237,263,22
18,12,28,0
22,84,73,0
104,217,239,52
27,8,23,0
26,70,83,0
113,211,275,13
21,15,22,0
33,73,73,0
106,208,273,25
27,8,23,0
26,81,72,0
89,234,264,25
25,10,23,0
16,81,82,0
73,227,253,59
13,18,27,0
29,32,118,0
91,246,273,2
21,12,25,0
10,66,103,0
81,243,275,13
16,18,24,0
21,71,87,0
103,224,263,22
16,16,26,0
13,120,46,0
55,223,220,114
15,12,31,0
10,116,53,0
58,220,261,73
22,13,23,0
14,115,50,0
59,224,240,89
18,14,26,0
13,52,114,0
78,248,278,8
22,14,22,0
19,82,78,0
71,226,279,36
16,16,26,0
22,97,60,0
79,204,253,76
18,8,32,0
23,102,54,0
75,219,244,74
24,11,23,0
7,128,44,0
47,232,197,136
18,12,28,0
23,95,61,0
69,220,255,68
22,10,26,0
27,77,75,0
94,232,259,27
25,8,25,0
18,131,30,0
46,218,172,176
18,10,30,0
22,107,50,0
111,198,251,52
26,7,25,0
20,87,72,0
85,239,277,11
19,14,25,0
18,94,67,0
61,225,262,64
17,11,30,0
20,91,68,0
80,223,276,33
21,14,23,0
29,69,81,0
121,217,268,6
19,16,23,0
14,88,77,0
72,230,284,26
18,13,27,0
19,103,57,0
79,222,233,78
24,5,29,0
10,136,33,0
66,208,163,175
14,13,31,0
24,83,72,0
95,218,269,30
28,5,25,0
21,79,79,0
104,221,255,32
23,10,25,0
10,129,40,0
60,214,207,131
17,10,31,0
32,74,73,0
125,189,269,29
33,7,18,0
17,105,57,0
81,203,233,95
17,14,27,0
28,86,65,0
86,211,290,25
20,7,31,0
23,100,56,0
76,221,238,77
30,7,21,0
12,91,76,0
69,236,246,61
17,13,28,0
22,84,73,0
85,226,237,64
29,7,22,0
19,42,118,0
70,247,285,10
24,13,21,0
17,109,53,0
73,222,264,53
15,15,28,0
18,101,60,0
76,222,246,68
22,7,29,0
20,28,131,0
99,254,259,0
17,20,21,0
22,79,78,0
86,235,270,21
23,9,26,0
17,71,91,0
66,242,271,33
19,11,28,0
29,101,49,0
119,198,238,57
32,4,22,0
26,73,80,0
96,228,263,25
17,15,26,0
23,83,73,0
95,219,251,47
22,12,24,0
28,58,93,0
89,229,276,18
26,7,25,0
14,80,85,0
72,229,265,46
16,14,28,0
22,75,82,0
78,231,262,41
22,9,27,0
17,56,106,0
83,242,280,7
25,14,19,0
14,70,95,0
61,245,264,42
23,10,25,0
12,60,107,0
65,251,282,14
13,15,30,0
18,96,65,0
73,218,271,50
21,12,25,0
19,78,82,0
96,221,289,6
20,17,21,0
20,92,67,0
84,221,270,37
23,11,24,0
12,122,45,0
59,219,216,118
16,13,29,0
25,102,52,0
85,216,259,52
20,13,25,0
29,83,67,0
75,238,266,33
20,10,28,0
29,73,77,0
108,212,256,36
20,10,28,0
6,84,89,0
69,245,279,19
16,17,25,0
22,101,56,0
71,204,281,56
22,7,29,0
8,81,90,0
60,239,260,53
18,16,24,0
12,56,111,0
78,239,264,31
18,11,29,0
17,69,93,0
83,232,269,28
14,14,30,0
22,76,81,0
71,236,274,31
27,10,21,0
13,69,97,0
77,247,251,37
17,16,25,0
24,72,83,0
94,221,266,31
24,6,28,0
24,81,74,0
80,223,276,33
20,18,20,0
11,78,90,0
74,234,270,34
21,10,27,0
12,76,91,0
68,243,281,20
20,13,25,0
27,70,82,0
105,216,264,27
26,8,24,0
17,111,51,0
84,204,265,59
21,5,32,0
22,85,72,0
89,228,252,43
20,11,27,0
10,140,29,0
65,209,179,159
15,11,32,0
28,52,99,0
87,236,275,14
25,9,24,0
15,76,88,0
70,230,283,29
19,15,24,0
18,120,41,0
65,221,214,112
18,13,27,0
13,98,68,0
73,233,266,40
16,15,27,0
20,97,62,0
73,220,259,60
22,9,27,0
31,77,71,0
103,219,263,27
20,12,26,0
13,132,34,0
59,214,214,125
13,13,32,0
18,92,69,0
86,224,253,49
18,11,29,0
13,116,50,0
58,212,257,85
14,18,26,0
20,118,41,0
75,207,235,95
22,8,28,0
22,97,60,0
88,209,266,49
19,10,29,0
31,76,72,0
96,231,273,12
24,8,26,0
25,77,77,0
110,219,261,22
23,11,24,0
19,88,72,0
95,203,265,49
29,6,23,0
21,100,58,0
95,212,255,50
23,8,27,0
13,136,30,0
42,216,204,150
12,13,33,0
24,94,61,0
75,224,282,31
22,9,27,0
16,91,72,0
92,224,273,23
19,7,32,0
14,88,77,0
67,241,268,36
15,13,30,0
29,48,102,0
81,244,281,6
21,14,23,0
18,92,69,0
83,216,267,46
10,20,28,0
11,48,120,0
82,247,260,23
20,10,28,0
18,97,64,0
94,214,249,55
22,10,26,0
15,107,57,0
79,212,224,97
24,10,24,0
24,79,76,0
99,229,251,33
23,7,28,0
26,111,42,0
97,190,241,84
22,5,31,0
23,67,89,0
83,237,268,24
15,16,27,0
25,62,92,0
77,238,279,18
18,17,23,0
23,95,61,0
73,231,258,50
14,16,28,0
19,63,97,0
80,238,283,11
19,13,26,0
9,141,29,0
47,213,171,181
12,12,34,0
19,76,84,0
81,231,273,27
22,8,28,0
16,130,33,0
57,214,207,134
12,14,32,0
22,83,74,0
71,233,266,42
21,6,31,0
22,86,71,0
61,241,274,36
22,5,31,0
27,84,68,0
97,220,275,20
19,13,26,0
15,95,69,0
70,238,257,47
15,15,28,0
18,114,47,0
71,217,237,87
19,12,27,0
20,96,63,0
69,224,282,37
17,15,26,0
13,69,97,0
85,224,278,25
18,13,27,0
15,65,99,0
91,240,272,9
21,11,26,0
22,106,51,0
89,214,241,68
22,8,28,0
21,87,71,0
84,225,261,42
19,8,31,0
22,80,77,0
100,213,264,35
21,11,26,0
28,81,70,0
104,225,274,9
24,8,26,0
20,104,55,0
57,229,253,73
16,12,30,0
21,97,61,0
92,215,235,70
25,9,24,0
21,107,51,0
61,206,259,86
19,7,32,0
14,97,68,0
72,209,278,53
21,13,24,0
12,127,40,0
70,214,208,120
12,13,33,0
31,88,60,0
92,219,272,29
23,9,26,0
23,68,88,0
107,231,271,3
22,12,24,0
20,76,83,0
78,238,269,27
17,19,22,0
25,31,123,0
105,239,266,2
23,12,23,0
24,84,71,0
87,205,276,44
23,11,24,0
19,119,41,0
62,227,207,116
16,13,29,0
21,96,62,0
84,214,254,60
24,6,28,0
20,105,54,0
85,215,232,80
22,8,28,0
21,95,63,0
81,222,260,49
32,6,20,0
26,74,79,0
110,216,271,15
20,12,26,0
16,86,77,0
75,223,243,71
21,10,27,0
26,83,70,0
82,236,273,21
25,11,22,0
17,111,51,0
72,211,246,83
22,15,21,0
17,125,37,0
57,217,203,135
14,13,31,0
26,96,57,0
116,198,235,63
24,7,27,0
19,59,101,0
87,243,256,26
19,10,29,0
21,70,88,0
97,222,285,8
25,12,21,0
22,82,75,0
82,228,275,27
17,13,28,0
17,111,51,0
103,194,234,81
31,3,24,0
5,103,71,0
87,206,246,73
25,10,23,0
18,87,74,0
75,227,275,35
18,12,28,0
33,76,70,0
126,213,261,12
23,10,25,0
20,72,87,0
113,222,273,4
19,17,22,0
9,91,79,0
68,252,256,36
13,15,30,0
15,94,70,0
81,226,244,61
17,11,30,0
21,54,104,0
78,240,284,10
17,16,25,0
18,104,57,0
89,196,265,62
31,4,23,0
16,106,57,0
60,232,258,62
18,14,26,0
17,59,103,0
96,240,258,18
25,11,22,0
23,71,85,0
88,234,272,18
26,9,23,0
17,90,72,0
82,212,283,35
25,12,21,0
30,96,53,0
90,218,264,40
24,6,28,0
24,74,81,0
71,234,284,23
13,17,28,0
15,94,70,0
62,233,250,67
18,16,24,0
17,90,72,0
68,231,254,59
21,10,27,0
15,75,89,0
65,244,262,41
15,18,25,0
16,105,58,0
85,206,259,62
27,4,27,0
22,87,70,0
100,224,274,14
22,18,18,0
24,93,62,0
103,198,277,34
26,6,26,0
32,77,70,0
88,219,256,49
28,6,24,0
21,86,72,0
104,225,261,22
24,12,22,0
19,96,64,0
79,214,254,65
23,8,27,0
18,111,50,0
81,209,243,79
22,8,28,0
25,93,61,0
106,209,274,23
29,7,22,0
23,81,75,0
79,222,251,60
17,12,29,0
17,98,64,0
64,223,257,68
17,14,27,0
25,72,82,0
90,242,270,10
22,15,21,0
20,92,67,0
89,214,251,58
25,4,29,0
14,78,87,0
77,240,259,36
21,7,30,0
23,76,80,0
91,220,278,23
19,14,25,0
31,79,69,0
93,226,271,22
16,12,30,0
10,88,81,0
69,231,255,57
15,12,31,0
17,70,92,0
82,231,271,28
25,11,22,0
24,89,66,0
99,214,262,37
18,11,29,0
26,79,74,0
82,226,279,25
23,9,26,0
23,100,56,0
91,203,251,67
19,13,26,0
13,64,102,0
77,242,251,42
17,15,26,0
28,69,82,0
99,220,282,11
19,17,22,0
18,102,59,0
72,232,257,51
21,8,29,0
19,80,80,0
100,225,261,26
23,10,25,0
11,124,44,0
52,227,185,148
16,13,29,0
10,120,49,0
58,219,250,85
12,18,28,0
30,78,71,0
116,211,275,10
18,13,27,0
18,69,92,0
70,231,259,52
23,13,22,0
25,65,89,0
100,221,277,14
15,19,24,0
20,107,52,0
82,209,258,63
20,8,30,0
23,55,101,0
80,246,279,7
15,19,24,0
30,75,74,0
91,222,265,34
19,12,27,0
28,55,96,0
88,246,273,5
14,16,28,0
13,99,67,0
63,232,254,63
20,9,29,0
14,90,75,0
72,230,238,72
23,9,26,0
26,83,70,0
93,224,258,37
21,9,28,0
15,74,90,0
98,232,257,25
23,9,26,0
17,86,76,0
74,232,265,41
15,16,27,0
21,90,68,0
53,233,256,70
20,9,29,0
17,85,77,0
82,229,257,44
17,16,25,0
24,92,63,0
87,219,252,54
19,9,30,0
22,85,72,0
86,215,250,61
24,12,22,0
22,71,86,0
77,235,260,40
17,15,26,0
23,81,75,0
85,224,267,36
23,7,28,0
18,86,75,0
78,227,261,46
27,6,25,0
23,96,60,0
77,212,266,57
19,11,28,0
28,70,81,0
116,214,258,24
24,7,27,0
27,87,65,0
75,221,239,77
17,13,28,0
30,72,77,0
115,225,268,4
16,20,22,0
14,100,65,0
87,217,256,52
18,17,23,0
19,85,75,0
82,228,257,45
22,9,27,0
16,62,101,0
86,243,273,10
16,19,23,0
19,81,79,0
83,219,267,43
26,8,24,0
17,109,53,0
82,215,241,74
27,9,22,0
22,116,41,0
75,210,214,113
16,7,35,0
16,111,52,0
65,226,223,98
16,14,28,0
14,105,60,0
71,223,254,64
19,11,28,0
18,80,81,0
80,227,272,33
27,10,21,0
20,73,86,0
97,235,266,14
14,15,29,0
11,94,74,0
61,239,240,72
12,18,28,0
32,66,81,0
103,222,276,11
24,7,27,0
23,89,67,0
84,216,229,83
26,7,25,0
20,82,77,0
71,234,280,27
25,7,26,0
21,88,70,0
63,236,264,49
14,14,30,0
18,101,60,0
80,227,257,48
18,13,27,0
19,72,88,0
72,247,257,36
14,15,29,0
20,98,61,0
75,219,266,52
13,18,27,0
24,96,59,0
79,221,266,46
26,5,27,0
20,99,60,0
73,214,264,61
16,14,28,0
21,95,63,0
82,215,268,47
20,5,33,0
22,101,56,0
93,205,265,49
23,7,28,0
20,63,96,0
90,232,260,30
27,10,21,0
25,70,84,0
77,236,263,36
20,10,28,0
20,80,79,0
98,211,272,31
24,8,26,0
16,85,78,0
65,235,265,47
18,15,25,0
20,96,63,0
81,218,261,52
25,9,24,0
18,116,45,0
68,220,222,102
27,9,22,0
26,75,78,0
87,220,265,40
23,12,23,0
20,102,57,0
80,217,273,42
26,9,23,0
19,89,71,0
74,237,252,49
22,9,27,0
9,121,49,0
59,223,196,134
12,16,30,0
26,67,86,0
93,242,256,21
22,8,28,0
18,84,77,0
73,230,260,49
23,11,24,0
13,91,75,0
78,226,270,38
19,18,21,0
28,71,80,0
101,225,270,16
20,13,25,0
23,74,82,0
67,240,270,35
21,9,28,0
13,116,50,0
74,212,248,78
20,10,28,0
16,124,39,0
51,222,187,152
14,13,31,0
19,49,111,0
81,239,284,8
19,16,23,0
18,122,39,0
60,208,249,95
15,16,27,0
22,103,54,0
91,209,236,76
22,4,32,0
10,95,74,0
64,225,258,65
16,16,26,0
9,130,40,0
41,226,171,174
9,17,32,0
18,101,60,0
78,212,250,72
20,16,22,0
22,68,89,0
85,233,289,5
20,19,19,0
21,40,118,0
89,240,275,8
24,16,18,0
19,56,104,0
101,237,271,3
12,23,23,0
24,63,92,0
77,230,289,16
21,12,25,0
23,83,73,0
83,218,286,25
20,10,28,0
22,73,84,0
89,230,254,39
21,15,22,0
20,94,65,0
118,198,267,29
32,4,22,0
16,92,71,0
93,223,240,56
20,11,27,0
18,97,64,0
98,201,262,51
23,10,25,0
8,131,40,0
43,232,191,146
12,15,31,0
24,79,76,0
98,227,251,36
24,7,27,0
23,69,87,0
85,226,261,40
15,18,25,0
15,115,49,0
74,218,254,66
22,12,24,0
17,125,37,0
76,196,230,110
19,12,27,0
11,100,68,0
92,217,235,68
23,10,25,0
23,105,51,0
76,219,240,77
17,11,30,0
30,92,57,0
69,231,258,54
16,15,27,0
22,73,84,0
85,229,270,28
24,14,20,0
11,128,40,0
53,222,204,133
15,12,31,0
20,62,97,0
76,237,270,29
22,11,25,0
14,88,77,0
65,234,266,47
15,9,34,0
10,131,38,0
60,218,196,138
13,15,30,0
14,85,80,0
58,249,279,26
16,19,23,0
13,64,102,0
86,231,281,14
13,20,25,0
23,79,77,0
82,225,273,32
22,13,23,0
11,116,52,0
53,225,218,116
14,18,26,0
15,83,81,0
63,240,252,57
13,13,32,0
19,82,78,0
81,225,266,40
23,12,23,0
14,131,34,0
44,212,172,184
16,11,31,0
22,101,56,0
72,225,255,60
14,12,32,0
22,84,73,0
68,231,272,41
23,13,22,0
22,85,72,0
103,227,235,47
29,7,22,0
21,88,70,0
72,228,264,48
18,12,28,0
16,93,70,0
99,207,283,23
20,12,26,0
21,85,73,0
79,225,270,38
21,6,31,0
27,115,37,0
87,191,239,95
25,5,28,0
27,74,78,0
81,240,277,14
19,17,22,0
16,76,87,0
74,223,265,50
19,14,25,0
12,104,63,0
89,208,252,63
28,8,22,0
14,81,84,0
81,228,249,54
18,14,26,0
24,89,66,0
81,227,264,40
24,9,25,0
11,133,35,0
48,223,191,150
9,16,33,0
14,128,37,0
64,205,184,159
18,9,31,0
19,89,71,0
95,210,279,28
20,8,30,0
16,95,68,0
76,223,274,39
24,10,24,0
19,102,58,0
68,216,260,68
19,7,32,0
15,119,45,0
66,219,209,118
16,14,28,0
18,45,116,0
82,260,265,5
18,14,26,0
14,109,56,0
71,224,241,76
19,13,26,0
15,107,57,0
53,221,263,75
20,15,23,0
30,72,77,0
111,233,249,19
22,10,26,0
13,113,53,0
72,216,243,81
20,12,26,0
16,103,60,0
89,208,256,59
20,10,28,0
17,86,76,0
79,224,260,49
19,10,29,0
18,91,70,0
88,222,265,37
25,7,26,0
24,67,88,0
71,233,280,28
21,12,25,0
7,72,100,0
65,250,278,19
21,10,27,0
18,64,97,0
81,245,277,9
26,13,19,0
16,93,70,0
82,221,261,48
26,7,25,0
30,74,75,0
136,208,261,7
20,16,22,0
28,67,84,0
135,207,260,10
28,11,19,0
25,58,96,0
88,230,289,5
16,17,25,0
21,121,37,0
68,211,222,111
16,13,29,0
21,85,73,0
82,220,262,48
13,18,27,0
21,73,85,0
76,236,251,49
21,11,26,0
19,74,86,0
67,240,268,37
11,21,26,0
13,77,89,0
97,220,272,23
21,12,25,0
24,81,74,0
110,215,275,12
19,18,21,0
15,88,76,0
76,225,273,38
21,10,27,0
26,85,68,0
83,233,273,23
17,9,32,0
23,99,57,0
95,207,220,90
21,7,30,0
10,136,33,0
61,210,188,153
11,14,33,0
14,116,49,0
56,229,220,107
14,13,31,0
23,79,77,0
87,230,267,28
16,18,24,0
20,83,76,0
82,229,260,41
16,18,24,0
16,80,83,0
74,238,270,30
18,9,31,0
26,97,56,0
91,215,262,44
16,13,29,0
27,71,81,0
91,223,276,22
20,13,25,0
18,70,91,0
90,228,271,23
18,16,24,0
15,95,69,0
82,219,250,61
20,11,27,0
19,98,62,0
82,213,239,78
19,9,30,0
7,131,41,0
58,220,187,147
15,13,30,0
20,53,106,0
73,249,275,15
14,16,28,0
6,85,88,0
65,248,271,28
13,19,26,0
30,70,79,0
105,231,268,8
17,17,24,0
27,77,75,0
79,239,272,22
20,11,27,0
15,104,60,0
66,217,265,64
23,7,28,0
23,97,59,0
76,230,259,47
21,16,21,0
24,55,100,0
86,251,270,5
16,16,26,0
23,97,59,0
75,223,245,69
23,6,29,0
28,61,90,0
86,232,276,18
21,12,25,0
16,116,47,0
63,223,217,109
12,16,30,0
17,107,55,0
55,227,238,92
19,13,26,0
24,82,73,0
62,239,274,37
17,18,23,0
18,92,69,0
98,213,249,52
29,6,23,0
11,138,30,0
50,209,198,155
19,11,28,0
24,76,79,0
116,220,268,8
22,12,24,0
20,35,124,0
109,232,269,2
22,13,23,0
28,76,75,0
88,218,272,34
23,12,23,0
24,76,79,0
68,238,255,51
21,10,27,0
10,133,36,0
52,215,198,147
12,14,32,0
11,135,33,0
64,209,189,150
14,14,30,0
15,108,56,0
54,243,243,72
19,13,26,0
18,105,56,0
67,221,251,73
23,6,29,0
18,94,67,0
97,216,254,45
23,7,28,0
21,98,60,0
71,226,261,54
15,9,34,0
20,103,56,0
94,198,247,73
28,7,23,0
17,70,92,0
82,235,268,27
19,14,25,0
19,72,88,0
71,232,279,30
12,18,28,0
23,77,79,0
85,231,288,8
21,16,21,0
29,73,77,0
94,227,266,25
19,12,27,0
21,96,62,0
79,222,259,52
20,11,27,0
18,43,118,0
89,240,275,8
17,19,22,0
12,133,34,0
65,209,187,151
10,15,33,0
15,121,43,0
51,229,210,122
18,12,28,0
21,89,69,0
90,216,265,41
23,5,30,0
24,67,88,0
83,235,274,20
19,10,29,0
10,97,72,0
63,240,262,47
12,19,27,0
16,128,35,0
53,220,180,159
11,16,31,0
20,101,58,0
74,210,258,70
23,9,26,0
17,109,53,0
78,196,228,110
21,6,31,0
13,87,79,0
69,237,261,45
17,16,25,0
14,89,76,0
71,218,262,61
14,15,29,0
8,118,53,0
54,233,209,116
15,16,27,0
28,64,87,0
94,231,275,12
20,12,26,0
20,106,53,0
73,219,251,69
21,6,31,0
27,76,76,0
92,226,278,16
24,12,22,0
29,85,65,0
101,210,244,57
34,7,17,0
26,70,83,0
81,233,271,27
21,15,22,0
13,137,29,0
52,217,168,175
15,12,31,0
17,90,72,0
70,225,266,51
14,16,28,0
23,77,79,0
93,224,273,22
20,16,22,0
19,87,73,0
85,212,252,63
23,11,24,0
27,57,95,0
103,211,283,15
22,13,23,0
19,99,61,0
64,224,264,60
24,6,28,0
27,94,58,0
89,226,268,29
26,7,25,0
7,122,50,0
53,235,198,126
17,11,30,0
22,89,68,0
91,212,268,41
18,12,28,0
7,73,99,0
59,245,292,16
16,21,21,0
30,61,88,0
107,229,247,29
20,15,23,0
28,65,86,0
113,234,253,12
19,11,28,0
18,110,51,0
70,215,245,82
20,11,27,0
18,56,105,0
76,246,272,18
20,10,28,0
15,113,51,0
67,218,255,72
21,8,29,0
10,121,48,0
56,218,207,131
17,13,28,0
16,86,77,0
59,246,264,43
17,15,26,0
24,72,83,0
105,223,259,25
27,7,24,0
15,62,102,0
80,231,280,21
22,10,26,0
31,80,68,0
98,212,283,19
18,13,27,0
25,76,78,0
98,219,273,22
25,10,23,0
18,75,86,0
94,229,258,31
22,17,19,0
20,75,84,0
74,236,263,39
21,12,25,0
33,65,81,0
104,216,260,32
26,9,23,0
20,66,93,0
83,238,272,19
20,14,24,0
22,74,83,0
83,225,281,23
19,16,23,0
11,140,28,0
60,205,189,158
17,12,29,0
15,68,96,0
73,242,285,12
18,18,22,0
15,92,72,0
71,232,257,52
17,16,25,0
23,59,97,0
94,233,276,9
22,13,23,0
21,72,86,0
88,232,264,28
20,12,26,0
22,96,61,0
76,220,226,90
18,12,28,0
24,85,70,0
69,234,292,17
12,19,27,0
15,77,87,0
84,236,268,24
15,19,24,0
24,79,76,0
102,225,250,35
23,12,23,0
10,121,48,0
46,240,232,94
13,14,31,0
19,85,75,0
99,212,275,26
16,16,26,0
19,69,91,0
89,238,263,22
19,9,30,0
23,77,79,0
132,211,262,7
21,14,23,0
18,95,66,0
62,229,283,38
13,21,24,0
18,55,106,0
85,251,260,16
22,10,26,0
11,134,34,0
39,222,198,153
19,11,28,0
14,101,64,0
65,224,259,64
18,15,25,0
17,124,38,0
54,225,209,124
18,11,29,0
25,101,53,0
99,205,266,42
21,10,27,0
26,81,72,0
92,222,283,15
20,13,25,0
24,91,64,0
73,220,258,61
19,15,24,0
22,100,57,0
97,214,272,29
26,3,29,0
6,131,42,0
44,227,183,158
16,14,28,0
21,105,53,0
78,203,267,64
28,6,24,0
16,94,69,0
68,230,266,48
23,8,27,0
13,100,66,0
68,221,247,76
14,11,33,0
9,137,33,0
55,213,191,153
11,14,33,0
16,128,35,0
45,219,197,151
11,14,33,0
27,89,63,0
93,220,263,36
20,13,25,0
20,89,70,0
77,216,276,43
18,14,26,0
19,62,98,0
78,246,266,22
8,16,34,0
15,108,56,0
63,224,224,101
13,16,29,0
21,93,65,0
89,208,273,42
27,12,19,0
17,122,40,0
71,208,236,97
25,9,24,0
20,89,70,0
79,220,257,56
17,15,26,0
28,86,65,0
110,210,254,38
31,9,18,0
28,57,94,0
101,244,260,7
21,13,24,0
29,88,62,0
81,229,270,32
17,12,29,0
17,86,76,0
65,230,269,48
22,9,27,0
15,126,38,0
51,222,210,129
11,15,32,0
28,67,84,0
97,233,273,9
17,19,22,0
16,122,41,0
56,224,219,113
14,14,30,0
24,75,80,0
89,240,263,20
25,8,25,0
18,119,42,0
75,209,251,77
17,11,30,0
14,105,60,0
71,229,252,60
9,21,28,0
29,67,83,0
119,217,271,5
16,16,26,0
22,73,84,0
80,226,264,42
22,11,25,0
21,92,66,0
110,194,287,21
31,6,21,0
16,92,71,0
66,232,269,45
14,12,32,0
25,73,81,0
100,229,257,26
18,12,28,0
18,109,52,0
72,210,244,86
16,12,30,0
20,79,80,0
94,227,252,39
21,9,28,0
23,100,56,0
89,211,247,65
15,11,32,0
14,96,69,0
80,224,255,53
24,8,26,0
22,84,73,0
99,215,266,32
19,9,30,0
16,25,138,0
86,252,270,4
14,18,26,0
28,89,62,0
85,222,252,53
21,11,26,0
26,71,82,0
107,223,263,19
27,6,25,0
19,89,71,0
89,222,259,42
18,20,20,0
24,93,62,0
87,218,265,42
23,6,29,0
21,63,95,0
88,234,278,12
22,13,23,0
16,98,65,0
69,232,249,62
21,7,30,0
17,53,109,0
90,257,261,4
19,12,27,0
20,75,84,0
97,231,252,32
20,10,28,0
11,92,76,0
68,250,271,23
15,18,25,0
18,98,63,0
79,221,236,76
19,13,26,0
23,67,89,0
92,225,264,31
18,9,31,0
24,39,116,0
98,235,274,5
19,15,24,0
18,67,94,0
97,222,271,22
22,12,24,0
13,55,111,0
90,233,259,30
14,20,24,0
28,65,86,0
86,226,277,23
24,9,25,0
9,111,59,0
71,227,244,70
17,16,25,0
19,88,72,0
66,225,255,66
12,13,33,0
29,101,49,0
115,189,264,44
22,8,28,0
22,113,44,0
82,213,259,58
17,11,30,0
29,80,70,0
110,218,255,29
27,8,23,0
16,103,60,0
53,230,246,83
20,8,30,0
13,84,82,0
80,236,266,30
18,14,26,0
26,75,78,0
93,234,266,19
18,14,26,0
19,79,81,0
85,221,283,23
18,16,24,0
21,126,32,0
45,226,193,148
14,11,33,0
21,86,72,0
92,225,246,49
21,10,27,0
9,98,72,0
75,224,273,40
16,14,28,0
24,72,83,0
68,244,262,38
22,14,22,0
17,95,67,0
97,208,268,39
22,10,26,0
6,44,129,0
66,255,280,11
15,19,24,0
22,56,101,0
87,238,268,19
26,11,21,0
17,77,85,0
98,237,253,24
22,12,24,0
24,76,79,0
90,233,274,15
17,10,31,0
20,89,70,0
85,227,264,36
25,9,24,0
27,49,103,0
98,231,269,14
20,17,21,0
18,120,41,0
61,219,223,109
13,10,35,0
13,103,63,0
58,223,267,64
16,13,29,0
17,103,59,0
76,203,257,76
26,7,25,0
17,56,106,0
87,222,274,29
19,13,26,0
26,60,93,0
103,239,264,6
21,20,17,0
21,75,83,0
70,233,291,18
22,15,21,0
13,88,78,0
81,213,270,48
25,8,25,0
15,133,31,0
51,218,213,130
11,16,31,0
18,104,57,0
90,217,244,61
25,5,28,0
13,127,39,0
63,211,206,132
21,11,26,0
26,90,63,0
69,228,280,35
21,10,27,0
19,90,70,0
68,235,255,54
18,16,24,0
23,65,91,0
100,227,271,14
13,20,25,0
25,90,64,0
88,217,261,46
22,8,28,0
26,83,70,0
92,216,254,50
23,7,28,0
21,91,67,0
91,219,228,74
22,10,26,0
16,98,65,0
75,208,281,48
17,16,25,0
16,118,45,0
69,208,253,82
13,14,31,0
9,141,29,0
62,201,173,176
14,12,32,0
19,103,57,0
80,220,255,57
27,11,20,0
8,141,30,0
49,216,181,166
11,13,34,0
18,78,83,0
76,237,271,28
20,12,26,0
23,84,72,0
100,222,263,27
21,14,23,0
18,46,115,0
72,241,277,22
18,17,23,0
20,76,83,0
99,215,284,14
18,14,26,0
24,75,80,0
93,225,275,19
20,12,26,0
32,62,85,0
112,221,257,22
24,5,29,0
19,82,78,0
93,227,271,21
16,16,26,0
24,95,60,0
89,216,266,41
24,6,28,0
8,139,32,0
50,220,181,161
17,11,30,0
21,99,59,0
74,218,248,72
24,10,24,0
23,108,48,0
80,200,263,69
23,8,27,0
27,71,81,0
106,223,278,5
19,17,22,0
26,76,77,0
122,209,266,15
18,14,26,0
24,67,88,0
85,245,267,15
19,10,29,0
12,92,75,0
82,214,276,40
23,9,26,0
22,58,99,0
101,217,264,30
27,10,21,0
15,79,85,0
72,226,274,40
17,15,26,0
24,69,86,0
105,221,271,15
25,15,18,0
17,67,95,0
71,245,280,16
17,15,26,0
24,69,86,0
80,243,271,18
21,6,31,0
20,100,59,0
65,226,271,50
12,18,28,0
16,91,72,0
80,221,245,66
20,9,29,0
18,97,64,0
65,233,248,66
12,14,32,0
19,102,58,0
72,228,229,83
22,10,26,0
18,72,89,0
85,229,281,17
10,21,27,0
12,118,49,0
63,220,230,99
14,14,30,0
17,64,98,0
73,245,270,24
19,14,25,0
10,136,33,0
48,213,173,178
17,11,30,0
12,129,38,0
65,214,202,131
11,17,30,0
17,92,70,0
67,231,256,58
18,12,28,0
20,82,77,0
100,221,263,28
28,10,20,0
30,94,55,0
104,204,256,48
17,15,26,0
22,101,56,0
72,225,254,61
26,5,27,0
9,109,61,0
60,217,253,82
19,9,30,0
22,67,90,0
76,237,267,32
27,7,24,0
12,112,55,0
59,221,230,102
18,13,27,0
30,75,74,0
99,221,280,12
21,12,25,0
20,90,69,0
76,231,248,57
21,12,25,0
13,122,44,0
68,205,226,113
13,10,35,0
16,107,56,0
85,195,276,56
24,10,24,0
21,73,85,0
97,216,254,45
25,9,24,0
12,110,57,0
78,210,250,74
19,10,29,0
15,136,28,0
66,205,195,146
13,12,33,0
18,135,26,0
70,198,192,152
12,14,32,0
29,71,79,0
100,229,266,17
18,11,29,0
19,93,67,0
65,233,259,55
19,9,30,0
13,129,37,0
57,216,199,140
18,12,28,0
16,103,60,0
64,219,256,73
20,8,30,0
30,94,55,0
96,218,267,31
23,8,27,0
23,89,67,0
84,216,284,28
16,10,32,0
13,86,80,0
74,233,268,37
15,15,28,0
13,70,96,0
85,258,263,6
12,19,27,0
20,79,80,0
94,227,246,45
25,7,26,0
15,81,83,0
70,235,280,27
19,18,21,0
27,76,76,0
96,231,268,17
23,9,26,0
18,88,73,0
68,226,266,52
21,12,25,0
9,118,52,0
52,225,206,129
7,19,32,0
14,81,84,0
90,243,268,11
20,12,26,0
15,122,42,0
61,225,209,117
13,16,29,0
19,97,63,0
107,199,262,44
30,6,22,0
32,62,85,0
103,236,268,5
19,14,25,0
27,79,73,0
74,229,263,46
23,13,22,0
28,80,71,0
84,224,260,44
25,5,28,0
8,140,31,0
55,211,169,177
14,12,32,0
18,58,103,0
91,244,274,3
18,16,24,0
18,82,79,0
69,237,274,32
20,8,30,0
21,102,56,0
90,199,272,51
25,10,23,0
15,135,29,0
65,210,193,144
13,13,32,0
21,80,78,0
105,221,245,41
23,7,28,0
19,82,78,0
83,231,271,27
24,8,26,0
21,63,95,0
94,223,280,15
24,12,22,0
25,84,70,0
84,226,255,47
22,10,26,0
25,75,79,0
109,219,263,21
25,7,26,0
11,114,54,0
51,231,219,111
12,16,30,0
15,60,104,0
81,239,272,20
23,11,24,0
22,79,78,0
84,226,267,35
14,17,27,0
20,50,109,0
89,258,260,5
18,13,27,0
17,48,114,0
97,224,271,20
22,14,22,0
21,95,63,0
104,203,251,54
28,5,25,0
22,70,87,0
94,219,272,27
25,10,23,0
14,107,58,0
69,228,237,78
23,7,28,0
25,76,78,0
85,235,271,21
23,9,26,0
19,77,83,0
79,235,267,31
17,12,29,0
8,49,122,0
71,252,268,21
21,16,21,0
13,126,40,0
53,214,207,138
13,16,29,0
20,98,61,0
74,213,245,80
22,6,30,0
15,109,55,0
53,217,261,81
18,14,26,0
24,88,67,0
75,227,233,77
21,9,28,0
10,125,44,0
68,226,196,122
12,17,29,0
27,74,78,0
119,217,267,9
24,12,22,0
24,73,82,0
88,226,282,16
17,14,27,0
7,126,46,0
50,241,206,115
12,17,29,0
16,111,52,0
74,209,247,82
27,6,25,0
17,95,67,0
55,228,275,54
19,7,32,0
27,98,54,0
112,186,267,47
24,8,26,0
22,107,50,0
77,214,246,75
22,8,28,0
23,81,75,0
94,225,263,30
20,11,27,0
10,111,58,0
59,221,255,77
13,14,31,0
29,57,93,0
99,232,256,25
21,11,26,0
17,123,39,0
61,219,210,122
10,16,32,0
21,94,64,0
78,215,262,57
18,14,26,0
18,99,62,0
77,228,246,61
26,9,23,0
26,69,84,0
88,229,279,16
17,15,26,0
14,80,85,0
70,242,270,30
17,16,25,0
18,95,66,0
75,223,258,56
23,11,24,0
16,123,40,0
50,227,213,122
10,15,33,0
21,79,79,0
108,214,240,50
25,8,25,0
11,129,39,0
48,221,204,139
14,15,29,0
20,62,97,0
99,218,277,18
20,15,23,0
18,88,73,0
81,218,241,72
23,10,25,0
12,134,33,0
46,219,196,151
14,13,31,0
19,94,66,0
55,229,270,58
18,16,24,0
22,79,78,0
92,236,261,23
20,11,27,0
15,74,90,0
64,248,258,42
15,14,29,0
27,73,79,0
107,238,251,16
20,11,27,0
20,93,66,0
70,232,267,43
13,14,31,0
20,87,72,0
81,225,264,42
15,20,23,0
6,132,41,0
51,225,208,128
12,17,29,0
5,144,30,0
47,223,173,169
12,14,32,0
19,118,42,0
82,200,242,88
32,4,22,0
17,135,27,0
69,205,193,145
17,12,29,0
24,85,70,0
80,228,283,21
17,6,35,0
20,73,86,0
70,233,256,53
17,16,25,0
18,103,58,0
76,216,276,44
13,13,32,0
24,80,75,0
89,216,252,55
26,7,25,0
7,104,68,0
57,226,226,103
18,11,29,0
21,101,57,0
72,230,249,61
18,9,31,0
15,83,81,0
89,232,259,32
22,15,21,0
28,84,67,0
106,213,269,24
30,8,20,0
11,82,86,0
89,227,259,37
19,10,29,0
25,95,59,0
138,184,265,25
24,4,30,0
19,83,77,0
74,234,275,29
20,15,23,0
18,58,103,0
100,233,262,17
23,13,22,0
23,60,96,0
80,244,264,24
18,8,32,0
10,128,41,0
46,225,220,121
19,12,27,0
18,103,58,0
87,217,261,47
20,12,26,0
23,95,61,0
102,208,263,39
23,13,22,0
29,88,62,0
93,216,266,37
26,6,26,0
11,110,58,0
62,225,254,71
19,8,31,0
30,67,82,0
75,236,283,18
21,11,26,0
13,63,103,0
71,240,284,17
10,19,29,0
23,57,99,0
112,218,280,2
20,16,22,0
18,106,55,0
73,216,270,53
25,9,24,0
25,85,69,0
87,223,254,48
23,10,25,0
25,86,68,0
85,226,269,32
22,15,21,0
23,55,101,0
87,233,281,11
16,19,23,0
20,95,64,0
64,230,263,55
22,10,26,0
24,90,65,0
79,231,260,42
15,13,30,0
24,97,58,0
86,214,235,77
27,7,24,0
12,50,117,0
75,251,271,15
19,19,20,0
21,50,108,0
108,222,281,1
25,15,18,0
19,104,56,0
59,229,246,78
16,10,32,0
22,101,56,0
78,214,254,66
16,10,32,0
25,68,86,0
103,220,278,11
20,13,25,0
21,51,107,0
106,224,274,8
27,9,22,0
15,139,25,0
69,204,162,177
21,9,28,0
12,87,80,0
79,229,283,21
24,14,20,0
12,117,50,0
60,214,241,97
18,8,32,0
20,97,62,0
90,205,266,51
27,4,27,0
16,66,97,0
92,232,261,27
22,9,27,0
19,111,49,0
101,189,259,63
22,7,29,0
16,105,58,0
79,213,247,73
16,12,30,0
25,90,64,0
76,231,273,32
15,12,31,0
13,134,32,0
62,212,178,160
16,12,30,0
17,69,93,0
68,252,287,5
16,19,23,0
24,100,55,0
109,194,230,79
26,6,26,0
18,94,67,0
92,208,266,46
23,9,26,0
19,88,72,0
86,228,248,50
22,8,28,0
19,92,68,0
86,207,271,48
25,7,26,0
27,65,87,0
96,233,263,20
26,12,20,0
18,98,63,0
79,236,252,45
23,8,27,0
20,90,69,0
93,221,261,37
33,6,19,0
17,107,55,0
51,247,245,69
11,11,36,0
22,74,83,0
70,233,258,51
25,9,24,0
22,69,88,0
84,227,273,28
22,10,26,0
20,95,64,0
62,233,255,62
20,13,25,0
27,84,68,0
83,220,280,29
17,14,27,0
14,137,28,0
63,214,197,138
18,11,29,0
27,94,58,0
103,210,263,36
18,9,31,0
23,100,56,0
93,215,245,59
16,11,31,0
16,84,79,0
73,220,277,42
22,14,22,0
24,48,107,0
103,213,273,23
17,16,25,0
10,53,116,0
81,259,263,9
15,15,28,0
15,106,58,0
61,228,244,79
14,13,31,0
14,115,50,0
84,201,246,81
19,14,25,0
16,80,83,0
88,219,267,38
25,10,23,0
17,83,79,0
71,242,243,56
12,17,29,0
28,49,102,0
125,215,265,7
22,11,25,0
22,87,70,0
76,223,278,35
20,8,30,0
21,68,90,0
109,218,272,13
22,13,23,0
14,119,46,0
69,211,261,71
18,13,27,0
20,94,65,0
85,226,255,46
22,7,29,0
19,65,95,0
85,230,270,27
18,13,27,0
21,72,86,0
71,241,287,13
24,8,26,0
21,55,103,0
76,248,271,17
19,12,27,0
24,96,59,0
85,214,298,15
17,9,32,0
22,99,58,0
97,200,268,47
28,6,24,0
18,102,59,0
70,231,246,65
19,16,23,0
32,67,80,0
81,238,263,30
26,9,23,0
18,75,86,0
64,238,278,32
16,15,27,0
22,88,69,0
92,217,234,69
30,7,21,0
23,63,93,0
87,231,269,25
24,10,24,0
15,127,37,0
91,192,224,105
14,12,32,0
24,71,84,0
87,228,255,42
20,12,26,0
26,92,61,0
120,183,251,58
37,5,16,0
13,89,77,0
90,226,243,53
23,11,24,0
14,96,69,0
73,237,265,37
11,18,29,0
21,84,74,0
79,225,251,57
25,11,22,0
20,56,103,0
77,224,296,15
27,11,20,0
18,109,52,0
54,232,224,102
15,14,29,0
19,75,85,0
87,228,267,30
17,14,27,0
27,85,67,0
72,237,278,25
22,4,32,0
23,72,84,0
83,237,268,24
23,7,28,0
18,107,54,0
61,237,247,67
18,13,27,0
17,59,103,0
97,232,267,16
21,13,24,0
13,111,55,0
67,236,232,77
20,9,29,0
14,121,44,0
64,228,220,100
12,14,32,0
9,139,31,0
62,207,165,178
19,8,31,0
20,119,40,0
92,182,260,78
23,9,26,0
7,116,56,0
49,227,224,112
18,12,28,0
15,109,55,0
66,218,282,46
21,9,28,0
14,106,59,0
64,225,221,102
18,14,26,0
22,83,74,0
78,224,286,24
27,9,22,0
18,66,95,0
75,235,277,25
22,15,21,0
26,77,76,0
102,227,266,17
20,14,24,0
31,89,59,0
67,225,277,43
20,13,25,0
17,103,59,0
83,221,255,53
21,14,23,0
18,109,52,0
85,193,271,63
18,16,24,0
28,61,90,0
102,240,263,7
19,13,26,0
17,69,93,0
78,242,263,29
19,13,26,0
30,62,87,0
99,226,271,16
20,15,23,0
18,114,47,0
65,211,222,114
20,5,33,0
16,93,70,0
71,219,267,55
22,8,28,0
19,84,76,0
57,247,273,35
20,6,32,0
25,53,101,0
88,242,270,12
15,16,27,0
13,103,63,0
96,219,259,38
27,7,24,0
20,88,71,0
91,202,285,34
28,9,21,0
26,88,65,0
108,198,260,46
30,6,22,0
22,72,85,0
89,235,270,18
20,14,24,0
21,87,71,0
89,221,254,48
24,12,22,0
20,99,60,0
79,223,258,52
19,9,30,0
10,87,82,0
63,241,268,40
16,12,30,0
15,73,91,0
73,238,260,41
10,20,28,0
30,90,59,0
85,222,272,33
23,9,26,0
20,85,74,0
77,226,265,44
19,13,26,0
19,98,62,0
76,214,273,49
22,5,31,0
30,81,68,0
78,233,277,24
19,13,26,0
24,93,62,0
81,213,274,44
21,7,30,0
24,97,58,0
92,208,267,45
24,7,27,0
17,87,75,0
65,233,254,60
22,10,26,0
20,66,93,0
86,231,272,23
18,17,23,0
12,114,53,0
67,205,252,88
22,12,24,0
20,79,80,0
89,233,268,22
21,9,28,0
22,96,61,0
82,227,234,69
21,11,26,0
10,72,97,0
88,228,279,17
12,19,27,0
21,100,58,0
84,211,253,64
20,13,25,0
8,87,84,0
78,241,259,34
19,13,26,0
21,86,72,0
74,228,270,40
20,17,21,0
24,71,84,0
75,232,268,37
23,9,26,0
10,134,35,0
58,226,178,150
13,14,31,0
14,119,46,0
57,223,205,127
16,13,29,0
14,112,53,0
59,224,222,107
10,15,33,0
17,72,90,0
75,229,266,42
21,9,28,0
17,86,76,0
92,229,255,36
21,8,29,0
20,92,67,0
69,235,264,44
26,9,23,0
31,64,84,0
106,212,269,25
29,5,24,0
19,102,58,0
64,215,261,72
25,9,24,0
29,73,77,0
107,222,269,14
25,10,23,0
22,74,83,0
91,229,273,19
24,9,25,0
14,135,30,0
74,210,192,136
18,11,29,0
15,83,81,0
89,229,281,13
23,16,19,0
19,88,72,0
63,233,254,62
15,17,26,0
20,111,48,0
88,199,249,76
23,7,28,0
11,129,39,0
48,221,195,148
15,14,29,0
20,69,90,0
96,225,259,32
24,14,20,0
31,65,83,0
102,237,258,15
25,10,23,0
15,91,73,0
62,235,266,49
10,15,33,0
19,79,81,0
97,221,245,49
24,10,24,0
20,82,77,0
84,216,253,59
24,12,22,0
25,71,83,0
88,222,259,43
22,11,25,0
20,90,69,0
97,209,256,50
20,9,29,0
11,123,45,0
57,227,205,123
14,15,29,0
31,54,94,0
123,208,272,9
25,7,26,0
18,38,123,0
98,243,268,3
18,16,24,0
19,90,70,0
79,222,285,26
22,14,22,0
24,91,64,0
71,238,260,43
19,11,28,0
19,95,65,0
66,233,246,67
14,18,26,0
32,79,68,0
97,221,265,29
23,10,25,0
19,91,69,0
78,225,262,47
24,8,26,0
29,93,57,0
81,222,264,45
15,11,32,0
23,82,74,0
76,234,259,43
19,16,23,0
12,112,55,0
69,226,224,93
13,16,29,0
22,85,72,0
91,225,231,65
23,8,27,0
9,127,43,0
42,226,185,159
18,11,29,0
14,115,50,0
77,215,219,101
15,14,29,0
22,98,59,0
76,221,230,85
17,11,30,0
16,126,37,0
84,194,225,109
19,9,30,0
15,104,60,0
80,221,234,77
15,16,27,0
23,72,84,0
108,236,263,5
21,14,23,0
23,70,86,0
81,235,249,47
23,11,24,0
21,77,81,0
119,217,269,7
21,16,21,0
18,74,87,0
83,230,280,19
16,17,25,0
24,93,62,0
95,211,262,44
19,10,29,0
20,50,109,0
92,248,267,5
22,17,19,0
13,123,43,0
70,205,237,100
14,13,31,0
22,77,80,0
98,213,257,44
27,9,22,0
23,102,54,0
85,206,265,56
26,10,22,0
17,98,64,0
72,220,255,65
21,13,24,0
11,81,87,0
87,235,259,31
21,8,29,0
25,79,75,0
87,227,254,44
25,11,22,0
19,94,66,0
78,220,272,42
19,11,28,0
31,58,90,0
109,225,266,12
19,12,27,0
18,98,63,0
80,212,224,96
23,8,27,0
14,84,81,0
77,234,271,30
19,12,27,0
24,61,94,0
97,232,266,17
22,10,26,0
26,82,71,0
88,230,262,32
17,14,27,0
6,138,35,0
53,214,167,178
16,10,32,0
21,90,68,0
88,221,275,28
20,14,24,0
12,128,39,0
43,224,197,148
19,12,27,0
22,92,65,0
76,239,256,41
13,13,32,0
15,105,59,0
61,225,236,90
11,17,30,0
21,98,60,0
83,219,254,56
25,12,21,0
19,114,46,0
87,196,223,106
25,5,28,0
17,97,65,0
68,228,255,61
17,6,35,0
13,104,62,0
58,228,232,94
16,17,25,0
18,79,82,0
95,227,272,18
20,8,30,0
29,72,78,0
98,216,287,11
16,18,24,0
24,68,87,0
87,229,285,11
16,18,24,0
23,73,83,0
104,214,248,46
24,10,24,0
26,73,80,0
104,212,261,35
30,8,20,0
11,113,55,0
60,222,216,114
19,10,29,0
20,100,59,0
82,220,243,67
26,10,22,0
31,83,65,0
109,199,273,31
25,12,21,0
18,77,84,0
88,226,277,21
15,19,24,0
14,134,31,0
58,219,159,176
15,12,31,0
14,107,58,0
73,209,247,83
15,11,32,0
19,88,72,0
84,235,277,16
21,12,25,0
16,130,33,0
52,224,203,133
11,15,32,0
18,87,74,0
97,222,250,43
23,10,25,0
26,77,76,0
127,197,256,32
26,9,23,0
15,128,36,0
60,225,178,149
15,15,28,0
19,71,89,0
90,241,267,14
20,11,27,0
19,106,54,0
73,208,255,76
19,10,29,0
11,85,83,0
63,229,290,30
19,15,24,0
20,108,51,0
69,208,254,81
22,8,28,0
22,88,69,0
104,201,265,42
23,10,25,0
22,84,73,0
91,226,260,35
18,13,27,0
24,66,89,0
85,232,259,36
18,15,25,0
21,71,87,0
95,224,262,31
22,12,24,0
21,104,54,0
74,210,267,61
21,5,32,0
25,95,59,0
62,224,267,59
24,8,26,0
14,75,90,0
111,224,268,9
18,17,23,0
27,69,83,0
88,210,294,20
21,16,21,0
16,58,105,0
83,242,265,22
27,10,21,0
19,115,45,0
112,185,237,78
33,3,22,0
21,112,46,0
83,196,246,87
27,5,26,0
10,84,85,0
73,224,272,43
23,16,19,0
33,85,61,0
89,216,272,35
24,7,27,0
19,75,85,0
73,234,264,41
20,13,25,0
12,104,63,0
83,209,273,47
17,14,27,0
8,138,33,0
42,220,196,154
14,12,32,0
24,64,91,0
108,238,250,16
16,12,30,0
21,78,80,0
88,235,251,38
22,10,26,0
22,100,57,0
111,198,260,43
29,5,24,0
24,82,73,0
94,220,272,26
20,13,25,0
21,90,68,0
90,217,273,32
13,12,33,0
24,80,75,0
91,218,252,51
26,7,25,0
23,66,90,0
84,233,262,33
26,7,25,0
20,74,85,0
95,235,248,34
18,14,26,0
20,96,63,0
74,219,260,59
26,7,25,0
15,102,62,0
63,239,247,63
14,11,33,0
23,73,83,0
83,232,261,36
24,12,22,0
16,76,87,0
71,242,262,37
22,7,29,0
17,94,68,0
82,212,252,66
16,14,28,0
27,71,81,0
91,240,270,11
20,10,28,0
12,134,33,0
53,217,198,144
9,16,33,0
18,106,55,0
76,217,238,81
17,9,32,0
23,63,93,0
101,237,268,6
15,18,25,0
22,99,58,0
75,206,274,57
25,9,24,0
16,84,79,0
97,218,289,8
15,18,25,0
29,92,58,0
88,212,275,37
23,6,29,0
21,96,62,0
68,222,268,54
19,9,30,0
8,124,47,0
43,226,196,147
16,13,29,0
25,55,99,0
94,237,271,10
30,5,23,0
16,94,69,0
77,236,251,48
20,12,26,0
15,119,45,0
45,233,209,125
12,14,32,0
18,101,60,0
89,210,270,43
17,14,27,0
15,101,63,0
74,231,234,73
10,14,34,0
19,83,77,0
75,235,273,29
25,13,20,0
25,91,63,0
88,218,269,37
25,8,25,0
18,105,56,0
71,222,255,64
14,17,27,0
29,96,54,0
97,209,255,51
24,5,29,0
28,63,88,0
107,227,253,25
24,7,27,0
23,101,55,0
84,212,265,51
16,10,32,0
20,80,79,0
94,223,268,27
20,14,24,0
29,88,62,0
86,220,247,59
19,9,30,0
13,131,35,0
44,223,207,138
11,15,32,0
24,86,69,0
84,222,275,31
22,11,25,0
14,115,50,0
52,229,224,107
14,16,28,0
25,58,96,0
82,230,277,23
29,11,18,0
23,99,57,0
107,203,233,69
29,6,23,0
17,110,52,0
70,216,261,65
13,16,29,0
22,98,59,0
88,202,281,41
27,3,28,0
15,101,63,0
73,228,272,39
17,12,29,0
19,92,68,0
71,220,251,70
21,13,24,0
23,49,107,0
112,226,260,14
24,12,22,0
10,117,52,0
65,211,240,96
14,15,29,0
18,102,59,0
99,200,260,53
19,12,27,0
28,94,57,0
105,205,253,49
23,6,29,0
14,129,36,0
63,222,207,120
16,12,30,0
13,81,85,0
64,240,264,44
17,13,28,0
23,75,81,0
90,228,268,26
18,12,28,0
24,72,83,0
100,223,248,41
23,11,24,0
32,52,95,0
113,229,265,5
18,17,23,0
28,78,73,0
86,224,258,44
18,14,26,0
18,87,74,0
86,230,253,43
20,16,22,0
21,88,70,0
79,231,260,42
21,15,22,0
11,97,71,0
55,239,250,68
11,16,31,0
12,129,38,0
50,216,187,159
10,15,33,0
19,86,74,0
95,225,269,23
15,16,27,0
23,77,79,0
90,227,273,22
20,12,26,0
17,78,84,0
64,238,272,38
17,16,25,0
14,95,70,0
82,226,261,43
18,13,27,0
16,107,56,0
85,211,238,78
19,7,32,0
15,102,62,0
58,227,228,99
16,13,29,0
10,105,64,0
57,220,269,66
21,15,22,0
19,110,50,0
60,227,257,68
20,12,26,0
19,104,56,0
66,234,256,56
17,11,30,0
14,59,106,0
70,247,264,31
17,12,29,0
22,91,66,0
91,222,247,52
24,9,25,0
17,126,36,0
47,225,194,146
18,11,29,0
18,110,51,0
60,225,227,100
13,15,30,0
13,33,133,0
83,249,273,7
22,12,24,0
14,92,73,0
88,218,242,64
22,12,24,0
16,83,80,0
66,224,257,65
23,13,22,0
20,115,44,0
79,200,243,90
24,9,25,0
21,99,59,0
90,216,244,62
21,8,29,0
19,102,58,0
98,209,268,37
22,10,26,0
18,129,32,0
47,222,206,137
18,10,30,0
15,116,48,0
57,220,255,80
17,16,25,0
10,136,33,0
51,219,165,177
16,11,31,0
19,115,45,0
62,218,248,84
17,17,24,0
13,88,78,0
68,221,266,57
16,17,25,0
15,105,59,0
85,203,250,74
27,13,18,0
30,85,64,0
129,185,267,31
36,3,19,0
18,85,76,0
56,230,284,42
17,21,20,0
18,110,51,0
63,225,257,67
20,13,25,0
25,54,100,0
95,226,279,12
19,17,22,0
9,140,30,0
57,214,202,139
16,10,32,0
17,104,58,0
74,217,265,56
19,14,25,0
26,82,71,0
86,221,258,47
24,7,27,0
24,63,92,0
86,237,261,28
20,15,23,0
23,87,69,0
87,227,269,29
28,11,19,0
22,91,66,0
103,217,236,56
25,7,26,0
23,79,77,0
107,216,263,26
25,4,29,0
22,82,75,0
77,226,273,36
14,18,26,0
19,60,100,0
81,244,273,14
24,9,25,0
17,50,112,0
94,238,263,17
17,16,25,0
23,98,58,0
88,223,256,45
20,5,33,0
26,51,102,0
95,253,260,4
16,17,25,0
19,97,63,0
92,223,259,38
32,4,22,0
17,55,107,0
85,239,280,8
13,17,28,0
16,80,83,0
74,232,279,27
15,17,26,0
21,85,73,0
80,224,262,46
18,13,27,0
15,110,54,0
92,197,263,60
29,7,22,0
12,102,65,0
71,218,259,64
25,8,25,0
21,75,83,0
86,229,275,22
12,19,27,0
15,103,61,0
63,225,228,96
17,11,30,0
24,57,98,0
101,235,262,14
18,11,29,0
25,61,93,0
80,238,262,32
19,11,28,0
25,43,111,0
116,238,258,0
13,19,26,0
11,85,83,0
68,225,264,55
13,16,29,0
14,139,26,0
64,204,163,181
17,8,33,0
11,119,49,0
59,222,261,70
15,16,27,0
29,68,82,0
107,222,259,24
15,18,25,0
20,57,102,0
81,237,275,19
26,10,22,0
20,95,64,0
73,216,261,62
27,6,25,0
20,122,37,0
59,215,214,124
15,12,31,0
26,70,83,0
95,219,261,37
20,16,22,0
31,68,80,0
109,220,273,10
19,16,23,0
17,96,66,0
62,227,256,67
22,6,30,0
15,110,54,0
72,219,273,48
15,11,32,0
24,89,66,0
93,214,276,29
24,13,21,0
20,115,44,0
64,220,227,101
14,14,30,0
28,69,82,0
85,226,264,37
24,10,24,0
28,80,71,0
90,216,282,24
25,3,30,0
23,92,64,0
96,206,270,40
23,7,28,0
16,73,90,0
77,232,280,23
21,11,26,0
20,70,89,0
82,235,269,26
18,15,25,0
14,120,45,0
82,202,216,112
27,9,22,0
23,89,67,0
97,210,257,48
25,8,25,0
30,58,91,0
111,229,255,17
25,10,23,0
12,116,51,0
81,213,239,79
22,12,24,0
14,85,80,0
83,222,267,40
23,10,25,0
19,105,55,0
67,212,259,74
26,9,23,0
35,63,81,0
119,206,256,31
31,7,20,0
21,69,89,0
83,244,263,22
24,8,26,0
20,80,79,0
70,238,259,45
21,10,27,0
20,88,71,0
95,211,277,29
23,11,24,0
13,81,85,0
59,230,271,52
15,19,24,0
20,82,77,0
99,210,249,54
23,8,27,0
20,84,75,0
102,212,276,22
29,5,24,0
22,70,87,0
72,239,277,24
22,13,23,0
20,79,80,0
93,214,271,34
22,8,28,0
12,123,44,0
57,230,209,116
16,12,30,0
36,61,82,0
91,241,266,14
27,8,23,0
22,84,73,0
76,232,271,33
17,11,30,0
18,92,69,0
72,232,278,30
18,16,24,0
23,75,81,0
76,239,259,38
13,13,32,0
22,92,65,0
78,234,263,37
21,10,27,0
10,130,39,0
68,218,184,142
14,15,29,0
18,97,64,0
61,236,264,51
19,19,20,0
19,73,87,0
80,230,268,34
12,20,26,0
15,91,73,0
72,229,252,59
24,14,20,0
12,125,42,0
52,223,209,128
13,15,30,0
19,88,72,0
86,221,251,54
19,11,28,0
17,97,65,0
56,245,231,80
18,10,30,0
16,116,47,0
60,207,245,100
17,11,30,0
24,60,95,0
106,222,271,13
29,6,23,0
16,113,50,0
71,219,231,91
20,10,28,0
41,99,39,0
99,207,253,53
26,4,28,0
27,70,82,0
101,208,271,32
21,14,23,0
19,82,78,0
80,229,274,29
20,10,28,0
25,68,86,0
99,227,260,26
23,7,28,0
14,82,83,0
78,233,280,21
11,18,29,0
26,62,91,0
119,221,268,4
24,10,24,0
19,70,90,0
92,233,262,25
13,17,28,0
19,92,68,0
87,229,263,33
25,7,26,0
14,128,37,0
63,212,205,132
13,13,32,0
19,100,60,0
74,225,257,56
15,12,31,0
18,80,81,0
89,230,264,29
18,16,24,0
19,93,67,0
83,225,252,52
24,6,28,0
24,90,65,0
70,222,282,38
26,5,27,0
18,96,65,0
68,220,266,58
21,8,29,0
30,77,72,0
107,224,256,25
24,9,25,0
22,104,53,0
89,205,264,54
29,3,26,0
20,87,72,0
79,220,255,58
17,12,29,0
13,51,115,0
87,247,275,3
12,22,24,0
25,61,93,0
92,236,271,13
20,13,25,0
15,74,90,0
76,233,277,26
28,12,18,0
27,82,70,0
107,215,276,14
22,10,26,0
17,78,84,0
82,224,258,48
22,11,25,0
27,75,77,0
116,207,268,21
25,6,27,0
16,71,92,0
68,241,289,14
17,18,23,0
23,72,84,0
108,214,251,39
26,15,17,0
19,107,53,0
92,196,252,72
24,6,28,0
22,65,92,0
114,218,275,5
23,18,17,0
31,64,84,0
110,208,277,17
24,12,22,0
25,91,63,0
94,226,265,27
22,12,24,0
20,105,54,0
83,205,260,64
21,10,27,0
24,75,80,0
106,206,276,24
29,7,22,0
28,84,67,0
96,206,284,26
23,6,29,0
19,104,56,0
101,196,276,39
25,7,26,0
20,104,55,0
66,227,248,71
20,11,27,0
18,96,65,0
103,208,244,57
24,10,24,0
19,97,63,0
76,216,236,84
19,9,30,0
25,70,84,0
87,233,271,21
18,15,25,0
5,105,69,0
64,235,247,66
21,11,26,0
15,113,51,0
76,207,220,109
15,11,32,0
18,69,92,0
84,233,268,27
19,16,23,0
29,55,95,0
75,229,273,35
22,13,23,0
18,100,61,0
86,210,246,70
26,9,23,0
22,94,63,0
82,209,251,70
22,9,27,0
11,132,36,0
67,220,188,137
12,15,31,0
10,140,29,0
46,218,195,153
17,12,29,0
17,80,82,0
92,214,281,25
21,11,26,0
24,97,58,0
114,191,257,50
26,8,24,0
27,64,88,0
109,236,263,4
19,17,22,0
17,88,74,0
70,226,292,24
15,19,24,0
20,45,114,0
93,238,274,7
22,14,22,0
28,63,88,0
88,234,268,22
13,17,28,0
13,71,95,0
62,248,265,37
13,13,32,0
14,96,69,0
78,217,258,59
18,16,24,0
27,88,64,0
104,213,274,21
21,11,26,0
28,95,56,0
97,205,274,36
20,9,29,0
7,122,50,0
59,214,224,115
13,13,32,0
16,110,53,0
50,223,252,87
12,18,28,0
17,100,62,0
71,226,265,50
21,12,25,0
12,84,83,0
76,216,283,37
12,18,28,0
20,63,96,0
96,223,267,26
22,19,17,0
23,119,37,0
63,214,214,121
17,11,30,0
24,81,74,0
78,237,266,31
28,10,20,0
24,83,72,0
86,222,245,59
26,8,24,0
21,106,52,0
103,203,251,55
14,14,30,0
24,74,81,0
105,216,276,15
23,9,26,0
14,119,46,0
57,223,215,117
18,14,26,0
16,72,91,0
88,233,268,23
22,10,26,0
14,117,48,0
70,217,240,85
21,14,23,0
21,78,80,0
62,241,267,42
16,10,32,0
18,86,75,0
54,238,283,37
22,7,29,0
25,74,80,0
85,234,266,27
15,18,25,0
20,81,78,0
71,237,279,25
19,15,24,0
12,98,69,0
70,221,268,53
26,8,24,0
21,95,63,0
101,205,266,40
24,10,24,0
17,86,76,0
58,250,271,33
11,20,27,0
14,110,55,0
55,231,215,111
17,14,27,0
16,106,57,0
92,213,265,42
24,10,24,0
26,64,89,0
103,236,268,5
16,14,28,0
20,66,93,0
77,243,272,20
20,17,21,0
21,88,70,0
84,229,272,27
12,17,29,0
17,93,69,0
83,224,245,60
21,16,21,0
24,78,77,0
86,243,269,14
23,8,27,0
18,113,48,0
77,196,208,131
23,7,28,0
25,69,85,0
89,228,256,39
22,11,25,0
22,56,101,0
90,237,265,20
19,13,26,0
23,67,89,0
112,220,274,6
17,18,23,0
19,48,112,0
122,237,248,5
24,15,19,0
13,106,60,0
69,224,241,78
15,13,30,0
11,131,37,0
53,231,206,122
14,13,31,0
11,82,86,0
72,239,277,24
15,19,24,0
7,75,97,0
51,250,272,39
19,17,22,0
24,91,64,0
81,226,259,46
20,11,27,0
21,91,67,0
86,222,262,42
25,5,28,0
30,60,89,0
97,233,264,18
16,11,31,0
26,72,81,0
97,225,262,28
19,11,28,0
19,70,90,0
88,247,261,16
21,10,27,0
17,77,85,0
87,224,268,33
29,9,20,0
27,86,66,0
67,238,270,37
12,12,34,0
21,97,61,0
96,206,255,55
26,6,26,0
19,91,69,0
82,227,237,66
19,13,26,0
13,122,44,0
75,204,252,81
24,8,26,0
19,86,74,0
88,224,249,51
25,10,23,0
10,101,68,0
78,219,264,51
22,8,28,0
16,73,90,0
81,226,272,33
20,12,26,0
19,115,45,0
72,195,255,90
18,13,27,0
16,83,80,0
63,232,253,64
18,16,24,0
19,74,86,0
81,234,262,35
18,9,31,0
23,95,61,0
77,212,259,64
23,7,28,0
13,132,34,0
63,223,199,127
16,11,31,0
26,86,67,0
77,214,269,52
17,12,29,0
24,97,58,0
100,206,257,49
24,8,26,0
21,82,76,0
81,223,264,44
23,13,22,0
26,105,48,0
103,195,259,55
23,6,29,0
20,66,93,0
84,239,268,21
21,13,24,0
7,98,74,0
52,238,207,115
18,14,26,0
15,129,35,0
45,215,201,151
13,13,32,0
24,51,104,0
102,235,269,6
21,14,23,0
25,90,64,0
95,212,273,32
28,5,25,0
18,59,102,0
95,238,255,24
24,12,22,0
17,110,52,0
86,214,243,69
19,10,29,0
17,77,85,0
70,235,262,45
18,10,30,0
13,102,64,0
92,228,255,37
24,7,27,0
23,72,84,0
109,219,249,35
27,10,21,0
17,101,61,0
57,229,272,54
16,17,25,0
13,115,51,0
68,223,248,73
17,14,27,0
35,62,82,0
103,237,257,15
20,10,28,0
13,122,44,0
60,216,200,136
15,13,30,0
24,51,104,0
91,228,276,17
18,18,22,0
23,59,97,0
74,244,263,31
24,13,21,0
19,108,52,0
62,213,282,55
14,15,29,0
33,68,78,0
87,235,271,19
19,11,28,0
22,96,61,0
81,204,260,67
18,7,33,0
20,80,79,0
74,231,241,66
21,8,29,0
22,84,73,0
96,216,239,61
25,5,28,0
19,70,90,0
74,246,278,14
13,18,27,0
24,73,82,0
81,232,264,35
30,5,23,0
14,113,52,0
75,219,257,61
19,11,28,0
12,96,71,0
68,217,245,82
16,13,29,0
21,100,58,0
76,218,232,86
21,8,29,0
32,83,64,0
91,227,242,52
25,7,26,0
20,113,46,0
66,216,255,75
23,7,28,0
20,97,62,0
84,214,266,48
17,11,30,0
11,127,41,0
59,221,213,119
14,13,31,0
23,94,62,0
113,186,249,64
36,5,17,0
18,87,74,0
123,192,268,29
28,5,25,0
12,89,78,0
64,235,288,25
16,13,29,0
20,100,59,0
76,221,258,57
20,11,27,0
14,82,83,0
70,240,274,28
18,8,32,0
24,78,77,0
84,229,271,28
23,11,24,0
24,63,92,0
85,245,273,9
17,19,22,0
28,68,83,0
108,241,249,14
23,11,24,0
29,83,67,0
85,227,250,50
21,11,26,0
16,97,66,0
61,232,256,63
17,17,24,0
13,122,44,0
101,186,227,98
26,6,26,0
18,89,72,0
77,229,260,46
22,9,27,0
14,114,51,0
66,222,263,61
18,13,27,0
10,114,55,0
71,212,260,69
19,9,30,0
18,104,57,0
72,223,257,60
18,9,31,0
20,54,105,0
102,228,277,5
26,10,22,0
27,89,63,0
85,209,277,41
16,12,30,0
24,75,80,0
100,220,262,30
22,13,23,0
23,64,92,0
84,212,298,18
30,9,19,0
17,93,69,0
72,223,245,72
14,15,29,0
12,123,44,0
51,230,202,129
13,16,29,0
20,74,85,0
86,232,271,23
14,18,26,0
25,79,75,0
95,221,260,36
22,13,23,0
13,88,78,0
63,230,260,59
19,15,24,0
17,109,53,0
75,219,230,88
17,8,33,0
23,81,75,0
76,232,278,26
16,13,29,0
22,69,88,0
91,223,261,37
22,9,27,0
11,56,112,0
85,250,272,5
14,22,22,0
29,95,55,0
91,214,247,60
18,10,30,0
19,83,77,0
85,229,249,49
18,13,27,0
22,52,105,0
98,228,257,29
20,16,22,0
21,93,65,0
77,217,265,53
22,11,25,0
25,85,69,0
92,216,264,40
24,10,24,0
33,58,88,0
105,232,261,14
22,11,25,0
34,69,76,0
112,214,270,16
21,12,25,0
13,74,92,0
62,233,295,22
18,14,26,0
21,95,63,0
103,222,238,49
27,6,25,0
18,61,100,0
79,244,269,20
18,15,25,0
24,81,74,0
96,221,270,25
15,15,28,0
28,89,62,0
64,237,270,41
18,11,29,0
25,72,82,0
100,239,266,7
16,17,25,0
12,111,56,0
55,228,258,71
17,15,26,0
19,96,64,0
92,210,249,61
13,12,33,0
31,88,60,0
81,234,265,32
16,9,33,0
15,66,98,0
83,233,264,32
19,18,21,0
21,95,63,0
82,224,274,32
20,10,28,0
18,80,81,0
80,236,278,18
24,6,28,0
12,134,33,0
58,211,200,143
18,11,29,0
14,95,70,0
71,222,265,54
21,9,28,0
22,86,71,0
70,231,270,41
22,7,29,0
14,125,40,0
46,227,200,139
12,14,32,0
15,110,54,0
77,211,238,86
18,14,26,0
17,99,63,0
92,216,247,57
14,7,37,0
25,102,52,0
70,227,254,61
16,10,32,0
24,84,71,0
93,229,256,34
21,9,28,0
17,70,92,0
88,239,249,36
19,13,26,0
23,88,68,0
104,215,278,15
23,5,30,0
19,91,69,0
104,206,265,37
29,8,21,0
27,66,86,0
84,225,291,12
19,14,25,0
34,69,76,0
116,210,264,22
28,3,27,0
14,122,43,0
55,223,209,125
15,14,29,0
28,95,56,0
91,214,260,47
18,13,27,0
20,83,76,0
89,222,266,35
21,14,23,0
13,118,48,0
61,226,206,119
12,15,31,0
22,101,56,0
80,213,263,56
30,2,26,0
18,112,49,0
82,203,237,90
21,7,30,0
17,86,76,0
78,226,271,37
15,14,29,0
23,63,93,0
112,236,258,6
21,12,25,0
25,86,68,0
104,208,247,53
28,7,23,0
19,107,53,0
70,217,254,71
16,11,31,0
24,76,79,0
83,236,278,15
22,12,24,0
19,93,67,0
71,225,250,66
25,14,19,0
27,88,64,0
113,202,259,38
26,7,25,0
14,104,61,0
88,208,256,60
26,8,24,0
3,141,35,0
48,226,157,181
12,14,32,0
18,107,54,0
78,207,256,71
24,13,21,0
8,137,34,0
53,215,196,148
9,15,34,0
17,119,43,0
71,210,246,85
23,12,23,0
18,92,69,0
52,235,267,58
18,10,30,0
22,82,75,0
80,227,244,61
16,10,32,0
23,65,91,0
91,223,271,27
23,12,23,0
21,87,71,0
97,215,227,73
21,10,27,0
21,101,57,0
82,212,266,52
20,10,28,0
19,93,67,0
96,212,270,34
25,7,26,0
12,116,51,0
59,228,217,108
11,18,29,0
19,102,58,0
75,220,249,68
23,7,28,0
20,86,73,0
109,198,263,42
31,7,20,0
17,89,73,0
82,231,279,20
19,9,30,0
5,102,72,0
59,226,246,81
21,17,20,0
7,96,76,0
52,243,279,38
15,13,30,0
10,132,37,0
45,219,195,153
11,16,31,0
12,128,39,0
60,231,207,114
13,13,32,0
20,63,96,0
89,243,261,19
19,12,27,0
22,88,69,0
81,235,267,29
17,10,31,0
30,82,67,0
84,226,267,35
17,11,30,0
23,82,74,0
93,222,266,31
20,11,27,0
15,85,79,0
60,230,284,38
14,16,28,0
24,102,53,0
95,208,257,52
27,5,26,0
13,91,75,0
81,224,277,30
13,16,29,0
28,67,84,0
80,241,270,21
19,15,24,0
23,76,80,0
100,225,271,16
15,15,28,0
21,105,53,0
66,231,248,67
16,9,33,0
18,80,81,0
74,225,261,52
15,14,29,0
21,90,68,0
97,214,228,73
27,9,22,0
11,89,79,0
80,226,237,69
15,16,27,0
16,104,59,0
63,221,241,87
17,12,29,0
19,94,66,0
96,214,252,50
28,6,24,0
20,104,55,0
90,224,243,55
12,15,31,0
13,109,57,0
59,231,232,90
13,18,27,0
19,72,88,0
90,247,269,6
12,20,26,0
12,96,71,0
91,221,265,35
22,8,28,0
24,95,60,0
80,209,235,88
22,11,25,0
16,105,58,0
74,218,236,84
16,15,27,0
26,88,65,0
81,212,262,57
23,10,25,0
25,84,70,0
87,216,266,43
22,8,28,0
20,95,64,0
96,206,252,58
23,12,23,0
17,110,52,0
60,224,252,76
14,18,26,0
28,71,80,0
123,221,259,9
17,17,24,0
20,120,39,0
69,200,229,114
22,6,30,0
17,80,82,0
78,228,254,52
22,13,23,0
14,128,37,0
71,200,243,98
21,10,27,0
7,138,34,0
43,226,184,159
13,14,31,0
19,111,49,0
65,215,269,63
20,12,26,0
17,100,62,0
59,224,284,45
14,13,31,0
11,132,36,0
66,207,210,129
16,11,31,0
22,71,86,0
98,237,274,3
19,18,21,0
23,108,48,0
114,178,251,69
29,8,21,0
18,107,54,0
62,221,263,66
18,14,26,0
25,73,81,0
86,231,274,21
19,14,25,0
17,72,90,0
105,240,264,3
20,15,23,0
15,84,80,0
99,223,279,11
18,15,25,0
18,86,75,0
79,227,262,44
20,11,27,0
12,132,35,0
57,222,208,125
15,12,31,0
16,128,35,0
59,216,223,114
13,13,32,0
34,59,86,0
121,220,264,7
30,6,22,0
10,90,79,0
64,242,268,38
22,11,25,0
18,80,81,0
92,226,227,67
21,10,27,0
14,67,98,0
68,241,285,18
13,20,25,0
24,104,51,0
78,216,231,87
21,8,29,0
15,114,50,0
54,210,263,85
15,16,27,0
24,53,102,0
85,248,273,6
16,16,26,0
23,81,75,0
98,224,272,18
26,12,20,0
14,113,52,0
81,211,245,75
19,7,32,0
24,68,87,0
114,227,267,4
16,18,24,0
19,87,73,0
66,242,252,52
18,12,28,0
16,131,32,0
43,219,174,176
17,9,32,0
16,112,51,0
63,221,221,107
14,15,29,0
17,83,79,0
88,222,255,47
11,20,27,0
19,62,98,0
121,210,274,7
20,15,23,0
18,80,81,0
88,226,274,24
19,11,28,0
21,75,83,0
98,224,250,40
21,12,25,0
15,88,76,0
84,230,277,21
17,20,21,0
26,101,52,0
96,189,263,64
26,3,29,0
9,139,31,0
45,213,178,176
14,14,30,0
20,100,59,0
87,207,251,67
20,16,22,0
18,92,69,0
76,230,256,50
21,10,27,0
29,67,83,0
102,231,265,14
19,9,30,0
17,78,84,0
95,224,259,34
19,12,27,0
19,106,54,0
66,220,241,85
18,16,24,0
30,82,67,0
90,230,267,25
19,11,28,0
17,93,69,0
83,220,266,43
28,5,25,0
21,100,58,0
90,209,227,86
22,10,26,0
20,93,66,0
77,221,270,44
23,6,29,0
18,87,74,0
101,198,260,53
23,13,22,0
15,98,66,0
70,213,285,44
23,12,23,0
19,67,93,0
71,244,258,39
22,11,25,0
21,84,74,0
75,238,263,36
17,19,22,0
22,110,47,0
102,192,241,77
28,8,22,0
20,100,59,0
83,219,241,69
24,10,24,0
24,95,60,0
75,235,254,48
19,11,28,0
4,136,39,0
60,210,165,177
14,13,31,0
19,83,77,0
61,238,279,34
29,9,20,0
26,81,72,0
73,237,271,31
18,11,29,0
27,85,67,0
107,207,262,36
24,5,29,0
19,78,82,0
83,249,257,23
24,10,24,0
31,40,108,0
118,221,265,8
24,9,25,0
18,101,60,0
98,196,260,58
31,4,23,0
6,119,54,0
50,233,213,116
10,18,30,0
13,109,57,0
70,218,265,59
13,9,36,0
24,71,84,0
109,224,255,24
22,13,23,0
14,109,56,0
71,220,249,72
16,8,34,0
17,59,103,0
86,245,265,16
21,11,26,0
27,81,71,0
123,193,277,19
25,12,21,0
20,122,37,0
55,226,216,115
12,15,31,0
17,93,69,0
93,213,243,63
26,7,25,0
23,77,79,0
105,231,264,12
23,9,26,0
24,69,86,0
75,231,276,30
25,8,25,0
12,114,53,0
69,217,250,76
18,17,23,0
21,79,79,0
78,241,274,19
19,17,22,0
15,111,53,0
62,214,243,93
13,16,29,0
16,126,37,0
58,225,228,101
18,8,32,0
30,64,85,0
102,231,256,23
20,11,27,0
23,79,77,0
144,185,275,8
25,11,22,0
17,115,47,0
58,218,242,94
16,17,25,0
28,76,75,0
124,211,269,8
24,10,24,0
20,102,57,0
89,218,276,29
26,5,27,0
22,66,91,0
68,226,285,33
19,16,23,0
13,137,29,0
55,215,194,148
17,12,29,0
24,78,77,0
98,226,260,28
32,5,21,0
24,66,89,0
112,210,281,9
32,8,18,0
18,106,55,0
71,217,273,51
23,11,24,0
19,113,47,0
67,216,260,69
14,16,28,0
16,106,57,0
62,232,215,103
14,16,28,0
24,100,55,0
94,197,268,53
30,5,23,0
28,73,78,0
70,239,265,38
24,11,23,0
17,104,58,0
77,215,224,96
20,6,32,0
18,106,55,0
77,220,263,52
14,16,28,0
14,62,103,0
81,225,285,21
26,13,19,0
11,131,37,0
53,219,205,135
16,14,28,0
14,97,68,0
69,225,268,50
24,12,22,0
14,83,82,0
74,225,275,38
18,16,24,0
25,84,70,0
119,217,256,20
22,8,28,0
16,86,77,0
71,230,280,31
23,9,26,0
27,73,79,0
119,220,263,10
19,12,27,0
29,69,81,0
87,229,281,15
18,15,25,0
22,73,84,0
66,237,266,43
22,12,24,0
11,112,56,0
72,210,265,65
13,15,30,0
10,97,72,0
45,246,265,56
11,19,28,0
17,69,93,0
85,224,277,26
26,15,17,0
23,76,80,0
76,232,275,29
26,9,23,0
21,82,76,0
80,231,258,43
16,13,29,0
20,68,91,0
95,233,268,16
18,14,26,0
15,119,45,0
70,212,255,75
19,14,25,0
13,119,47,0
51,230,237,94
17,13,28,0
19,76,84,0
100,221,276,15
18,18,22,0
26,65,88,0
78,231,271,32
21,13,24,0
15,118,46,0
61,221,224,106
13,13,32,0
24,66,89,0
85,237,285,5
17,17,24,0
28,55,96,0
85,237,278,12
23,9,26,0
24,92,63,0
99,210,258,45
19,10,29,0
21,58,100,0
110,240,255,7
28,7,23,0
19,105,55,0
71,218,247,76
20,13,25,0
17,97,65,0
91,216,265,40
21,10,27,0
21,102,56,0
70,216,270,56
20,8,30,0
24,94,61,0
95,209,273,35
16,13,29,0
24,70,85,0
86,224,263,39
21,11,26,0
24,82,73,0
110,206,267,29
24,7,27,0
13,119,47,0
65,219,223,105
9,17,32,0
19,93,67,0
95,222,256,39
18,11,29,0
24,92,63,0
89,220,243,60
16,11,31,0
23,97,59,0
109,189,252,62
34,3,21,0
21,77,81,0
77,238,265,32
15,18,25,0
13,92,74,0
57,233,261,61
15,10,33,0
21,66,92,0
83,248,273,8
14,16,28,0
25,55,99,0
89,236,259,28
19,14,25,0
22,80,77,0
83,232,255,42
10,22,26,0
12,133,34,0
45,222,189,156
15,13,30,0
12,135,32,0
53,214,197,148
15,11,32,0
27,67,85,0
93,226,274,19
21,8,29,0
13,99,67,0
52,236,262,62
9,16,33,0
24,82,73,0
78,235,281,18
18,15,25,0
10,123,46,0
51,233,195,133
19,11,28,0
6,142,31,0
40,232,171,169
11,16,31,0
12,131,36,0
57,220,190,145
11,15,32,0
25,101,53,0
81,218,250,63
19,11,28,0
14,117,48,0
55,226,228,103
11,17,30,0
18,93,68,0
85,230,252,45
17,18,23,0
18,76,85,0
99,227,266,20
13,20,25,0
20,52,107,0
87,244,275,6
14,22,22,0
27,81,71,0
85,231,271,25
18,14,26,0
25,71,83,0
90,234,264,24
26,10,22,0
14,127,38,0
46,225,194,147
18,12,28,0
20,80,79,0
77,231,280,24
23,11,24,0
30,97,52,0
117,195,274,26
24,9,25,0
22,45,112,0
106,219,285,2
16,18,24,0
21,98,60,0
85,213,267,47
19,17,22,0
30,103,46,0
101,189,276,46
30,4,24,0
19,87,73,0
85,222,262,43
27,12,19,0
17,110,52,0
69,204,246,93
17,8,33,0
23,85,71,0
75,224,254,59
20,10,28,0
28,56,95,0
75,242,274,21
23,14,21,0
21,77,81,0
96,221,255,40
18,15,25,0
23,97,59,0
112,196,234,70
26,7,25,0
16,95,68,0
95,210,276,31
23,12,23,0
15,89,75,0
61,232,253,66
11,17,30,0
20,84,75,0
79,234,241,58
16,11,31,0
24,55,100,0
101,237,260,14
21,10,27,0
20,107,52,0
84,219,250,59
14,10,34,0
16,116,47,0
55,221,209,127
15,15,28,0
23,114,42,0
85,194,273,60
22,6,30,0
21,88,70,0
94,214,271,33
22,11,25,0
19,99,61,0
80,217,263,52
21,6,31,0
16,93,70,0
67,231,272,42
18,11,29,0
28,80,71,0
99,222,258,33
20,14,24,0
14,129,36,0
44,228,195,145
16,12,30,0
23,113,43,0
85,213,240,74
18,11,29,0
17,103,59,0
68,221,259,64
20,8,30,0
18,59,102,0
81,244,282,5
19,16,23,0
16,64,99,0
85,245,259,23
17,15,26,0
20,93,66,0
71,223,264,54
19,9,30,0
15,87,77,0
84,216,281,31
28,10,20,0
28,86,65,0
117,202,262,31
21,9,28,0
13,112,54,0
67,218,259,68
12,21,25,0
12,127,40,0
59,215,203,135
18,11,29,0
20,99,60,0
117,192,237,66
26,8,24,0
17,89,73,0
80,217,267,48
24,9,25,0
19,109,51,0
77,219,247,69
17,5,36,0
20,79,80,0
107,229,259,17
22,12,24,0
20,97,62,0
63,232,251,66
25,7,26,0
24,58,97,0
105,218,269,20
23,13,22,0
15,102,62,0
72,218,261,61
11,22,25,0
12,119,48,0
61,230,203,118
14,15,29,0
23,117,39,0
60,221,211,120
8,19,31,0
23,103,53,0
90,208,239,75
14,12,32,0
20,103,56,0
69,214,276,53
21,8,29,0
19,112,48,0
84,202,240,86
19,6,33,0
23,80,76,0
117,208,253,34
24,14,20,0
19,82,78,0
94,211,281,26
21,14,23,0
17,80,82,0
78,215,294,25
18,14,26,0
11,66,102,0
85,248,274,5
11,25,22,0
21,53,105,0
87,231,264,30
20,17,21,0
15,105,59,0
65,226,240,81
20,9,29,0
12,56,111,0
72,242,274,24
17,15,26,0
23,57,99,0
97,228,281,6
16,18,24,0
8,137,34,0
39,222,200,151
8,17,33,0
35,76,68,0
117,213,275,7
21,15,22,0
21,83,75,0
103,215,235,59
23,10,25,0
23,89,67,0
86,223,245,58
14,16,28,0
23,114,42,0
88,198,237,89
17,6,35,0
27,91,61,0
98,211,254,49
23,11,24,0
10,109,60,0
69,213,237,93
24,11,23,0
12,118,49,0
49,221,220,122
14,9,35,0
16,89,74,0
61,226,245,80
15,13,30,0
24,92,63,0
93,218,264,37
22,8,28,0
27,73,79,0
103,216,275,18
25,8,25,0
19,101,59,0
85,214,231,82
24,7,27,0
14,105,60,0
66,224,239,83
14,16,28,0
21,92,66,0
86,232,259,35
15,10,33,0
15,101,63,0
66,236,263,47
19,8,31,0
19,87,73,0
67,241,246,58
23,11,24,0
17,96,66,0
71,230,256,55
14,14,30,0
23,72,84,0
104,211,267,30
24,8,26,0
17,87,75,0
82,228,280,22
20,19,19,0
8,107,64,0
48,236,240,88
10,14,34,0
22,75,82,0
77,233,272,30
24,10,24,0
31,71,77,0
100,232,257,23
19,11,28,0
16,111,52,0
64,220,265,63
15,15,28,0
16,106,57,0
87,202,260,63
27,4,27,0
20,66,93,0
93,227,255,37
22,12,24,0
13,131,35,0
50,218,219,125
12,12,34,0
24,84,71,0
73,234,278,27
20,16,22,0
20,109,50,0
94,205,246,67
16,12,30,0
12,112,55,0
64,224,255,69
20,12,26,0
25,66,88,0
92,227,262,31
27,8,23,0
16,102,61,0
69,223,259,61
16,14,28,0
22,88,69,0
88,219,282,23
20,12,26,0
18,104,57,0
74,218,263,57
15,10,33,0
22,84,73,0
86,219,269,38
23,7,28,0
25,93,61,0
89,209,273,41
20,11,27,0
22,89,68,0
56,236,275,45
19,18,21,0
20,97,62,0
77,217,270,48
30,7,21,0
11,130,38,0
59,224,175,154
13,15,30,0
13,116,50,0
61,211,272,68
13,17,28,0
16,73,90,0
67,237,290,18
22,13,23,0
17,92,70,0
59,233,257,63
19,9,30,0
19,107,53,0
86,214,264,48
16,11,31,0
14,125,40,0
71,217,207,117
10,16,32,0
13,109,57,0
59,230,243,80
13,14,31,0
31,85,63,0
104,197,279,32
28,10,20,0
24,98,57,0
118,191,239,64
35,2,21,0
19,106,54,0
84,212,241,75
15,11,32,0
25,68,86,0
98,242,256,16
19,17,22,0
16,112,51,0
54,234,214,110
16,13,29,0
19,89,71,0
121,194,258,39
31,5,22,0
24,77,78,0
69,230,276,37
26,12,20,0
16,104,59,0
84,200,278,50
25,12,21,0
17,89,73,0
76,229,271,36
13,15,30,0
14,116,49,0
58,224,262,68
19,13,26,0
17,108,54,0
64,222,238,88
23,11,24,0
20,96,63,0
87,214,227,84
21,10,27,0
20,90,69,0
83,228,253,48
15,12,31,0
27,80,72,0
113,207,270,22
21,13,24,0
19,69,91,0
98,217,264,33
21,10,27,0
21,78,80,0
99,228,262,23
32,7,19,0
17,90,72,0
60,240,257,55
13,15,30,0
17,82,80,0
79,231,269,33
21,11,26,0
23,91,65,0
88,235,261,28
26,8,24,0
22,85,72,0
86,228,248,50
24,10,24,0
22,87,70,0
112,205,251,44
28,4,26,0
24,58,97,0
92,232,276,12
18,12,28,0
20,112,47,0
89,202,269,52
21,8,29,0
15,99,65,0
78,214,240,80
24,7,27,0
18,121,40,0
99,187,236,90
27,6,25,0
21,92,66,0
89,217,266,40
15,16,27,0
29,69,81,0
92,233,273,14
20,10,28,0
15,96,68,0
63,240,247,62
21,10,27,0
19,91,69,0
111,204,257,40
30,2,26,0
24,69,86,0
86,227,283,16
22,11,25,0
17,74,88,0
72,242,271,27
15,11,32,0
19,51,109,0
85,249,273,5
16,15,27,0
33,53,93,0
96,231,273,12
20,13,25,0
17,86,76,0
72,237,234,69
14,13,31,0
19,104,56,0
75,214,273,50
16,13,29,0
19,86,74,0
77,238,261,36
18,12,28,0
26,86,67,0
88,223,249,52
20,10,28,0
21,99,59,0
76,223,271,42
18,11,29,0
15,99,65,0
90,211,277,34
24,8,26,0
24,96,59,0
79,226,270,37
19,7,32,0
27,87,65,0
81,220,278,33
28,4,26,0
21,76,82,0
85,225,278,24
23,7,28,0
28,58,93,0
87,239,271,15
18,15,25,0
14,57,108,0
99,230,271,12
24,12,22,0
29,97,53,0
102,197,269,44
28,6,24,0
14,127,38,0
57,217,178,160
14,15,29,0
24,61,94,0
76,249,262,25
16,19,23,0
16,122,41,0
59,213,225,115
14,13,31,0
16,95,68,0
59,228,272,53
21,13,24,0
21,99,59,0
68,231,258,55
17,9,32,0
18,89,72,0
69,238,274,31
20,13,25,0
19,95,65,0
62,234,245,71
16,12,30,0
21,109,49,0
63,225,231,93
13,15,30,0
14,128,37,0
53,219,198,142
15,13,30,0
20,61,98,0
115,231,263,3
17,19,22,0
23,74,82,0
94,225,267,26
16,12,30,0
31,87,61,0
114,213,249,36
16,16,26,0
15,102,62,0
63,224,265,60
29,5,24,0
22,94,63,0
72,236,263,41
13,14,31,0
